{"level":"info","message":"Mongo db connected host is localhost","timestamp":"2026-02-23T11:43:58.526Z"}
{"level":"info","message":"Server running on port 3000","timestamp":"2026-02-23T11:43:58.538Z"}
{"level":"info","message":"Mongo db connected host is localhost","timestamp":"2026-02-23T11:44:17.914Z"}
{"level":"info","message":"Server running on port 3000","timestamp":"2026-02-23T11:44:17.924Z"}
{"level":"info","message":"Mongo db connected host is localhost","timestamp":"2026-02-23T15:41:32.092Z"}
{"level":"info","message":"Server running on port 3000","timestamp":"2026-02-23T15:41:32.096Z"}
{"level":"info","message":"Mongo db connected host is localhost","timestamp":"2026-02-23T15:47:06.668Z"}
{"level":"info","message":"Server running on port 3000","timestamp":"2026-02-23T15:47:06.672Z"}
{"level":"info","message":"Mongo db connected host is localhost","timestamp":"2026-02-23T15:47:37.872Z"}
{"level":"info","message":"Server running on port 3000","timestamp":"2026-02-23T15:47:37.876Z"}
{"level":"info","message":"Mongo db connected host is localhost","timestamp":"2026-02-23T15:48:37.729Z"}
{"level":"info","message":"Server running on port 3000","timestamp":"2026-02-23T15:48:37.733Z"}
{"level":"info","message":"Mongo db connected host is localhost","timestamp":"2026-02-23T15:49:57.766Z"}
{"level":"info","message":"Server running on port 3000","timestamp":"2026-02-23T15:49:57.770Z"}
{"level":"info","message":"Mongo db connected host is localhost","timestamp":"2026-02-23T15:50:04.516Z"}
{"level":"info","message":"Server running on port 3000","timestamp":"2026-02-23T15:50:04.519Z"}
{"level":"info","message":"Mongo db connected host is localhost","timestamp":"2026-02-23T15:50:47.054Z"}
{"level":"info","message":"Server running on port 3000","timestamp":"2026-02-23T15:50:47.058Z"}
{"level":"info","message":"::1 - - [23/Feb/2026:15:52:45 +0000] \"GET /api HTTP/1.1\" 404 142 \"-\" \"PostmanRuntime/7.51.1\"","timestamp":"2026-02-23T15:52:45.177Z"}
{"level":"info","message":"::1 - - [23/Feb/2026:15:54:10 +0000] \"POST /api HTTP/1.1\" 404 143 \"-\" \"PostmanRuntime/7.51.1\"","timestamp":"2026-02-23T15:54:10.239Z"}
{"level":"info","message":"Mongo db connected host is localhost","timestamp":"2026-02-23T15:56:46.969Z"}
{"level":"info","message":"Server running on port 3000","timestamp":"2026-02-23T15:56:46.973Z"}
{"level":"info","message":"::1 - - [23/Feb/2026:15:56:49 +0000] \"POST /api/orgs HTTP/1.1\" 404 148 \"-\" \"PostmanRuntime/7.51.1\"","timestamp":"2026-02-23T15:56:49.952Z"}
{"level":"info","message":"Mongo db connected host is localhost","timestamp":"2026-02-23T15:57:45.843Z"}
{"level":"info","message":"Server running on port 3000","timestamp":"2026-02-23T15:57:45.848Z"}
{"level":"info","message":"Mongo db connected host is localhost","timestamp":"2026-02-23T15:59:52.261Z"}
{"level":"info","message":"Server running on port 3000","timestamp":"2026-02-23T15:59:52.265Z"}
{"level":"info","message":"::1 - - [23/Feb/2026:16:00:45 +0000] \"POST /api/orgs HTTP/1.1\" 200 222 \"-\" \"PostmanRuntime/7.51.1\"","timestamp":"2026-02-23T16:00:45.859Z"}
{"level":"info","message":"::1 - - [23/Feb/2026:16:02:16 +0000] \"POST /api/orgs HTTP/1.1\" 200 222 \"-\" \"PostmanRuntime/7.51.1\"","timestamp":"2026-02-23T16:02:16.200Z"}
{"level":"info","message":"::1 - - [23/Feb/2026:16:03:08 +0000] \"POST /api/orgs HTTP/1.1\" 500 128 \"-\" \"PostmanRuntime/7.51.1\"","timestamp":"2026-02-23T16:03:08.692Z"}
{"level":"info","message":"::1 - - [23/Feb/2026:16:04:00 +0000] \"POST /api/orgs HTTP/1.1\" 200 238 \"-\" \"PostmanRuntime/7.51.1\"","timestamp":"2026-02-23T16:04:00.255Z"}
{"level":"info","message":"::1 - - [23/Feb/2026:16:04:19 +0000] \"GET /api/orgs HTTP/1.1\" 200 630 \"-\" \"PostmanRuntime/7.51.1\"","timestamp":"2026-02-23T16:04:19.416Z"}
{"level":"info","message":"::1 - - [23/Feb/2026:16:04:50 +0000] \"GET /api/699c79ad47107de45b6020b4 HTTP/1.1\" 404 167 \"-\" \"PostmanRuntime/7.51.1\"","timestamp":"2026-02-23T16:04:50.671Z"}
{"level":"info","message":"::1 - - [23/Feb/2026:16:05:04 +0000] \"GET /api/orgs/699c79ad47107de45b6020b4 HTTP/1.1\" 200 222 \"-\" \"PostmanRuntime/7.51.1\"","timestamp":"2026-02-23T16:05:04.793Z"}
{"level":"info","message":"::1 - - [23/Feb/2026:16:08:15 +0000] \"PUT /api/orgs/699c79ad47107de45b6020b4 HTTP/1.1\" 200 230 \"-\" \"PostmanRuntime/7.51.1\"","timestamp":"2026-02-23T16:08:15.954Z"}
{"level":"info","message":"::1 - - [23/Feb/2026:16:08:32 +0000] \"DELETE /api/orgs/699c79ad47107de45b6020b4 HTTP/1.1\" 200 75 \"-\" \"PostmanRuntime/7.51.1\"","timestamp":"2026-02-23T16:08:32.608Z"}
{"level":"info","message":"::1 - - [23/Feb/2026:16:20:14 +0000] \"POST /api/orgs HTTP/1.1\" 200 222 \"-\" \"PostmanRuntime/7.51.1\"","timestamp":"2026-02-23T16:20:14.615Z"}
{"level":"info","message":"::1 - - [23/Feb/2026:16:20:43 +0000] \"GET /api/orgs HTTP/1.1\" 200 630 \"-\" \"PostmanRuntime/7.51.1\"","timestamp":"2026-02-23T16:20:43.865Z"}
{"level":"info","message":"::1 - - [23/Feb/2026:16:21:09 +0000] \"GET /api/orgs/699c7a7047107de45b6020b9 HTTP/1.1\" 200 238 \"-\" \"PostmanRuntime/7.51.1\"","timestamp":"2026-02-23T16:21:09.284Z"}
{"level":"info","message":"::1 - - [23/Feb/2026:16:21:22 +0000] \"GET /api/orgs HTTP/1.1\" 200 630 \"-\" \"PostmanRuntime/7.51.1\"","timestamp":"2026-02-23T16:21:22.252Z"}
{"level":"info","message":"::1 - - [23/Feb/2026:16:21:36 +0000] \"DELETE /api/orgs/699c7a0847107de45b6020b6 HTTP/1.1\" 200 75 \"-\" \"PostmanRuntime/7.51.1\"","timestamp":"2026-02-23T16:21:36.659Z"}
{"level":"info","message":"::1 - - [23/Feb/2026:16:21:49 +0000] \"GET /api/orgs HTTP/1.1\" 200 435 \"-\" \"PostmanRuntime/7.51.1\"","timestamp":"2026-02-23T16:21:49.702Z"}
{"level":"info","message":"Mongo db connected host is localhost","timestamp":"2026-02-23T17:01:06.893Z"}
{"level":"info","message":"Server running on port 3000","timestamp":"2026-02-23T17:01:06.903Z"}
{"level":"info","message":"Mongo db connected host is localhost","timestamp":"2026-02-24T08:26:21.199Z"}
{"level":"info","message":"Server running on port 3000","timestamp":"2026-02-24T08:26:21.207Z"}
{"level":"info","message":"Mongo db connected host is localhost","timestamp":"2026-02-24T08:33:32.750Z"}
{"level":"info","message":"Server running on port 3000","timestamp":"2026-02-24T08:33:32.761Z"}
{"level":"info","message":"Mongo db connected host is localhost","timestamp":"2026-02-24T08:34:00.358Z"}
{"level":"info","message":"Server running on port 3000","timestamp":"2026-02-24T08:34:00.371Z"}
{"level":"info","message":"Mongo db connected host is localhost","timestamp":"2026-02-24T08:36:26.234Z"}
{"level":"info","message":"Server running on port 3000","timestamp":"2026-02-24T08:36:26.248Z"}
{"level":"info","message":"::1 - - [24/Feb/2026:08:40:30 +0000] \"POST /api/org-mem HTTP/1.1\" 200 410 \"-\" \"PostmanRuntime/7.51.1\"","timestamp":"2026-02-24T08:40:30.165Z"}
{"level":"info","message":"::1 - - [24/Feb/2026:08:41:21 +0000] \"GET /api/org-mem HTTP/1.1\" 200 519 \"-\" \"PostmanRuntime/7.51.1\"","timestamp":"2026-02-24T08:41:21.485Z"}
{"level":"info","message":"::1 - - [24/Feb/2026:08:43:42 +0000] \"POST /api/org-mem HTTP/1.1\" 500 137 \"-\" \"PostmanRuntime/7.51.1\"","timestamp":"2026-02-24T08:43:42.810Z"}
{"level":"info","message":"Mongo db connected host is localhost","timestamp":"2026-02-24T08:45:05.592Z"}
{"level":"info","message":"Server running on port 3000","timestamp":"2026-02-24T08:45:05.604Z"}
{"level":"info","message":"::1 - - [24/Feb/2026:08:45:13 +0000] \"POST /api/org-mem HTTP/1.1\" 500 137 \"-\" \"PostmanRuntime/7.51.1\"","timestamp":"2026-02-24T08:45:13.864Z"}
{"level":"info","message":"Mongo db connected host is localhost","timestamp":"2026-02-24T08:49:52.257Z"}
{"level":"info","message":"Server running on port 3000","timestamp":"2026-02-24T08:49:52.270Z"}
{"level":"info","message":"::1 - - [24/Feb/2026:08:50:29 +0000] \"POST /api/org-mem HTTP/1.1\" 200 410 \"-\" \"PostmanRuntime/7.51.1\"","timestamp":"2026-02-24T08:50:29.540Z"}
{"level":"info","message":"::1 - - [24/Feb/2026:08:51:54 +0000] \"PUT /api/org-mem/699d6655ccd0b0a19c7814e2 HTTP/1.1\" 200 410 \"-\" \"PostmanRuntime/7.51.1\"","timestamp":"2026-02-24T08:51:54.823Z"}
{"level":"info","message":"Mongo db connected host is localhost","timestamp":"2026-02-24T08:58:32.316Z"}
{"level":"info","message":"Server running on port 3000","timestamp":"2026-02-24T08:58:32.325Z"}
{"level":"info","message":"Mongo db connected host is localhost","timestamp":"2026-02-24T09:00:22.711Z"}
{"level":"info","message":"Server running on port 3000","timestamp":"2026-02-24T09:00:22.720Z"}
{"level":"info","message":"Mongo db connected host is localhost","timestamp":"2026-02-24T09:01:13.765Z"}
{"level":"info","message":"Server running on port 3000","timestamp":"2026-02-24T09:01:13.777Z"}
{"level":"info","message":"Mongo db connected host is localhost","timestamp":"2026-02-24T09:02:31.239Z"}
{"level":"info","message":"Server running on port 3000","timestamp":"2026-02-24T09:02:31.252Z"}
{"level":"info","message":"Mongo db connected host is localhost","timestamp":"2026-02-24T09:11:05.812Z"}
{"level":"info","message":"Server running on port 3000","timestamp":"2026-02-24T09:11:05.821Z"}
{"level":"info","message":"Mongo db connected host is localhost","timestamp":"2026-02-24T09:13:09.491Z"}
{"level":"info","message":"Server running on port 3000","timestamp":"2026-02-24T09:13:09.505Z"}
{"level":"info","message":"Mongo db connected host is localhost","timestamp":"2026-02-24T09:30:06.052Z"}
{"level":"info","message":"Server running on port 3000","timestamp":"2026-02-24T09:30:06.056Z"}
{"level":"info","message":"Mongo db connected host is localhost","timestamp":"2026-02-24T09:30:54.735Z"}
{"level":"info","message":"Server running on port 3000","timestamp":"2026-02-24T09:30:54.748Z"}
{"level":"info","message":"Mongo db connected host is localhost","timestamp":"2026-02-24T09:33:48.621Z"}
{"level":"info","message":"Server running on port 3000","timestamp":"2026-02-24T09:33:48.625Z"}
{"level":"info","message":"Mongo db connected host is localhost","timestamp":"2026-02-24T09:34:16.889Z"}
{"level":"info","message":"Server running on port 3000","timestamp":"2026-02-24T09:34:16.894Z"}
{"level":"info","message":"Mongo db connected host is localhost","timestamp":"2026-02-24T09:43:35.776Z"}
{"level":"info","message":"Server running on port 3000","timestamp":"2026-02-24T09:43:35.780Z"}
{"level":"info","message":"Mongo db connected host is localhost","timestamp":"2026-02-24T09:45:07.703Z"}
{"level":"info","message":"Server running on port 3000","timestamp":"2026-02-24T09:45:07.707Z"}
{"level":"info","message":"Mongo db connected host is localhost","timestamp":"2026-02-24T09:48:24.173Z"}
{"level":"info","message":"Server running on port 3000","timestamp":"2026-02-24T09:48:24.177Z"}
{"level":"info","message":"Mongo db connected host is localhost","timestamp":"2026-02-24T09:51:41.524Z"}
{"level":"info","message":"Server running on port 3000","timestamp":"2026-02-24T09:51:41.529Z"}
{"level":"info","message":"Mongo db connected host is localhost","timestamp":"2026-02-24T09:52:04.859Z"}
{"level":"info","message":"Server running on port 3000","timestamp":"2026-02-24T09:52:04.905Z"}
{"level":"info","message":"Mongo db connected host is localhost","timestamp":"2026-02-24T09:55:13.993Z"}
{"level":"info","message":"Server running on port 3000","timestamp":"2026-02-24T09:55:13.998Z"}
{"level":"info","message":"Mongo db connected host is localhost","timestamp":"2026-02-24T10:03:13.939Z"}
{"level":"info","message":"Server running on port 3000","timestamp":"2026-02-24T10:03:13.943Z"}
{"level":"info","message":"Mongo db connected host is localhost","timestamp":"2026-02-24T10:04:26.212Z"}
{"level":"info","message":"Server running on port 3000","timestamp":"2026-02-24T10:04:26.224Z"}
{"level":"info","message":"Mongo db connected host is localhost","timestamp":"2026-02-24T10:04:35.455Z"}
{"level":"info","message":"Server running on port 3000","timestamp":"2026-02-24T10:04:35.459Z"}
{"level":"info","message":"::1 - - [24/Feb/2026:10:12:25 +0000] \"POST /api/users HTTP/1.1\" 200 587 \"-\" \"PostmanRuntime/7.51.1\"","timestamp":"2026-02-24T10:12:25.706Z"}
{"level":"info","message":"Mongo db connected host is localhost","timestamp":"2026-02-24T10:16:30.793Z"}
{"level":"info","message":"Server running on port 3000","timestamp":"2026-02-24T10:16:30.797Z"}
{"level":"info","message":"Mongo db connected host is localhost","timestamp":"2026-02-24T10:20:14.220Z"}
{"level":"info","message":"Server running on port 3000","timestamp":"2026-02-24T10:20:14.225Z"}
{"level":"info","message":"::1 - - [24/Feb/2026:10:21:01 +0000] \"POST /api/users HTTP/1.1\" 500 224 \"-\" \"PostmanRuntime/7.51.1\"","timestamp":"2026-02-24T10:21:01.975Z"}
{"level":"info","message":"::1 - - [24/Feb/2026:10:21:24 +0000] \"POST /api/users HTTP/1.1\" 200 514 \"-\" \"PostmanRuntime/7.51.1\"","timestamp":"2026-02-24T10:21:24.318Z"}
{"level":"info","message":"::1 - - [24/Feb/2026:10:23:24 +0000] \"POST /api/org-mem HTTP/1.1\" 500 103 \"-\" \"PostmanRuntime/7.51.1\"","timestamp":"2026-02-24T10:23:24.540Z"}
{"level":"info","message":"::1 - - [24/Feb/2026:10:24:20 +0000] \"POST /api/users HTTP/1.1\" 400 49 \"-\" \"PostmanRuntime/7.51.1\"","timestamp":"2026-02-24T10:24:20.444Z"}
{"level":"info","message":"::1 - - [24/Feb/2026:10:26:21 +0000] \"POST /api/users HTTP/1.1\" 200 697 \"-\" \"PostmanRuntime/7.51.1\"","timestamp":"2026-02-24T10:26:21.958Z"}
{"level":"info","message":"Mongo db connected host is localhost","timestamp":"2026-02-24T10:29:33.213Z"}
{"level":"info","message":"Server running on port 3000","timestamp":"2026-02-24T10:29:33.217Z"}
{"level":"info","message":"::1 - - [24/Feb/2026:10:29:38 +0000] \"GET /api/users HTTP/1.1\" 200 1680 \"-\" \"PostmanRuntime/7.51.1\"","timestamp":"2026-02-24T10:29:38.718Z"}
{"level":"info","message":"::1 - - [24/Feb/2026:10:30:23 +0000] \"GET /api/users/699d7ccd94434cf875b68877 HTTP/1.1\" 200 441 \"-\" \"PostmanRuntime/7.51.1\"","timestamp":"2026-02-24T10:30:23.069Z"}
{"level":"info","message":"::1 - - [24/Feb/2026:10:31:31 +0000] \"PUT /api/users/699d7ccd94434cf875b68877 HTTP/1.1\" 200 441 \"-\" \"PostmanRuntime/7.51.1\"","timestamp":"2026-02-24T10:31:31.771Z"}
{"level":"info","message":"::1 - - [24/Feb/2026:10:36:17 +0000] \"POST /api/users HTTP/1.1\" 200 694 \"-\" \"PostmanRuntime/7.51.1\"","timestamp":"2026-02-24T10:36:17.789Z"}
{"level":"info","message":"::1 - - [24/Feb/2026:10:39:16 +0000] \"GET /api/users/699d7ccd94434cf875b68877 HTTP/1.1\" 200 441 \"-\" \"PostmanRuntime/7.51.1\"","timestamp":"2026-02-24T10:39:16.486Z"}
{"level":"info","message":"::1 - - [24/Feb/2026:10:39:56 +0000] \"PUT /api/users/699d7ccd94434cf875b68877 HTTP/1.1\" 200 442 \"-\" \"PostmanRuntime/7.51.1\"","timestamp":"2026-02-24T10:39:56.502Z"}
{"level":"info","message":"Mongo db connected host is localhost","timestamp":"2026-02-24T10:43:13.317Z"}
{"level":"info","message":"Server running on port 3000","timestamp":"2026-02-24T10:43:13.339Z"}
{"level":"info","message":"Mongo db connected host is localhost","timestamp":"2026-02-24T10:45:15.314Z"}
{"level":"info","message":"Server running on port 3000","timestamp":"2026-02-24T10:45:15.332Z"}
{"level":"info","message":"Mongo db connected host is localhost","timestamp":"2026-02-24T15:46:10.506Z"}
{"level":"info","message":"Server running on port 3000","timestamp":"2026-02-24T15:46:10.517Z"}
{"level":"info","message":"Mongo db connected host is localhost","timestamp":"2026-02-24T16:05:51.418Z"}
{"level":"info","message":"Server running on port 3000","timestamp":"2026-02-24T16:05:51.426Z"}
{"level":"info","message":"Mongo db connected host is localhost","timestamp":"2026-02-24T17:12:08.040Z"}
{"level":"info","message":"Server running on port 3000","timestamp":"2026-02-24T17:12:08.044Z"}
{"level":"info","message":"Mongo db connected host is localhost","timestamp":"2026-02-24T17:19:11.748Z"}
{"level":"info","message":"Server running on port 3000","timestamp":"2026-02-24T17:19:11.751Z"}
{"level":"info","message":"Mongo db connected host is localhost","timestamp":"2026-02-24T17:26:15.197Z"}
{"level":"info","message":"Server running on port 3000","timestamp":"2026-02-24T17:26:15.201Z"}
{"level":"info","message":"Mongo db connected host is localhost","timestamp":"2026-02-25T06:34:34.586Z"}
{"level":"info","message":"Server running on port 3000","timestamp":"2026-02-25T06:34:34.599Z"}
{"level":"info","message":"Mongo db connected host is localhost","timestamp":"2026-02-25T06:40:06.873Z"}
{"level":"info","message":"Server running on port 3000","timestamp":"2026-02-25T06:40:06.881Z"}
{"level":"info","message":"Mongo db connected host is localhost","timestamp":"2026-02-25T06:40:39.082Z"}
{"level":"info","message":"Server running on port 3000","timestamp":"2026-02-25T06:40:39.092Z"}
{"level":"info","message":"Mongo db connected host is localhost","timestamp":"2026-02-25T06:40:56.602Z"}
{"level":"info","message":"Server running on port 3000","timestamp":"2026-02-25T06:40:56.617Z"}
{"level":"info","message":"Mongo db connected host is localhost","timestamp":"2026-02-25T06:43:34.526Z"}
{"level":"info","message":"Server running on port 3000","timestamp":"2026-02-25T06:43:34.536Z"}
{"level":"info","message":"Mongo db connected host is localhost","timestamp":"2026-02-25T06:45:54.471Z"}
{"level":"info","message":"Server running on port 3000","timestamp":"2026-02-25T06:45:54.496Z"}
{"level":"info","message":"Mongo db connected host is localhost","timestamp":"2026-02-25T06:46:36.796Z"}
{"level":"info","message":"Server running on port 3000","timestamp":"2026-02-25T06:46:36.806Z"}
{"level":"info","message":"Mongo db connected host is localhost","timestamp":"2026-02-25T06:46:52.229Z"}
{"level":"info","message":"Server running on port 3000","timestamp":"2026-02-25T06:46:52.246Z"}
{"level":"info","message":"Mongo db connected host is localhost","timestamp":"2026-02-25T06:56:05.795Z"}
{"level":"info","message":"Server running on port 3000","timestamp":"2026-02-25T06:56:05.809Z"}
{"level":"info","message":"Mongo db connected host is localhost","timestamp":"2026-02-25T06:58:04.624Z"}
{"level":"info","message":"Server running on port 3000","timestamp":"2026-02-25T06:58:04.640Z"}
{"level":"info","message":"Mongo db connected host is localhost","timestamp":"2026-02-25T07:07:37.730Z"}
{"level":"info","message":"Server running on port 3000","timestamp":"2026-02-25T07:07:37.743Z"}
{"level":"info","message":"Mongo db connected host is localhost","timestamp":"2026-02-25T07:23:01.218Z"}
{"level":"info","message":"Server running on port 3000","timestamp":"2026-02-25T07:23:01.229Z"}
{"level":"info","message":"Mongo db connected host is localhost","timestamp":"2026-02-25T07:26:06.681Z"}
{"level":"info","message":"Server running on port 3000","timestamp":"2026-02-25T07:26:06.693Z"}
{"level":"info","message":"Mongo db connected host is localhost","timestamp":"2026-02-25T07:27:35.373Z"}
{"level":"info","message":"Server running on port 3000","timestamp":"2026-02-25T07:27:35.388Z"}
{"level":"info","message":"Mongo db connected host is localhost","timestamp":"2026-02-25T07:31:19.167Z"}
{"level":"info","message":"Server running on port 3000","timestamp":"2026-02-25T07:31:19.189Z"}
{"level":"info","message":"Mongo db connected host is localhost","timestamp":"2026-02-25T07:35:40.604Z"}
{"level":"info","message":"Server running on port 3000","timestamp":"2026-02-25T07:35:40.615Z"}
{"level":"info","message":"::1 - - [25/Feb/2026:07:38:15 +0000] \"POST /api/users HTTP/1.1\" 400 173 \"-\" \"PostmanRuntime/7.51.1\"","timestamp":"2026-02-25T07:38:15.757Z"}
{"level":"info","message":"::1 - - [25/Feb/2026:07:39:48 +0000] \"POST /api/users HTTP/1.1\" 400 173 \"-\" \"PostmanRuntime/7.51.1\"","timestamp":"2026-02-25T07:39:48.929Z"}
{"level":"info","message":"Mongo db connected host is localhost","timestamp":"2026-02-25T07:44:36.521Z"}
{"level":"info","message":"Server running on port 3000","timestamp":"2026-02-25T07:44:36.530Z"}
{"level":"info","message":"Mongo db connected host is localhost","timestamp":"2026-02-25T07:45:52.198Z"}
{"level":"info","message":"Server running on port 3000","timestamp":"2026-02-25T07:45:52.237Z"}
{"level":"info","message":"::1 - - [25/Feb/2026:07:46:35 +0000] \"POST /api/users HTTP/1.1\" 400 173 \"-\" \"PostmanRuntime/7.51.1\"","timestamp":"2026-02-25T07:46:35.106Z"}
{"level":"info","message":"Mongo db connected host is localhost","timestamp":"2026-02-25T07:47:18.216Z"}
{"level":"info","message":"Server running on port 3000","timestamp":"2026-02-25T07:47:18.254Z"}
{"level":"info","message":"::1 - - [25/Feb/2026:07:47:22 +0000] \"POST /api/users HTTP/1.1\" 200 504 \"-\" \"PostmanRuntime/7.51.1\"","timestamp":"2026-02-25T07:47:22.804Z"}
{"level":"info","message":"Mongo db connected host is localhost","timestamp":"2026-02-25T07:56:34.968Z"}
{"level":"info","message":"Server running on port 3000","timestamp":"2026-02-25T07:56:34.981Z"}
{"level":"info","message":"Mongo db connected host is localhost","timestamp":"2026-02-25T07:56:39.784Z"}
{"level":"info","message":"Server running on port 3000","timestamp":"2026-02-25T07:56:39.799Z"}
{"level":"info","message":"::1 - - [25/Feb/2026:07:58:27 +0000] \"POST /api/users HTTP/1.1\" 400 342 \"-\" \"PostmanRuntime/7.51.1\"","timestamp":"2026-02-25T07:58:27.198Z"}
{"level":"info","message":"Mongo db connected host is localhost","timestamp":"2026-02-25T07:59:05.653Z"}
{"level":"info","message":"Server running on port 3000","timestamp":"2026-02-25T07:59:05.677Z"}
{"level":"info","message":"Mongo db connected host is localhost","timestamp":"2026-02-25T07:59:15.169Z"}
{"level":"info","message":"Server running on port 3000","timestamp":"2026-02-25T07:59:15.215Z"}
{"level":"info","message":"Mongo db connected host is localhost","timestamp":"2026-02-25T07:59:38.085Z"}
{"level":"info","message":"Server running on port 3000","timestamp":"2026-02-25T07:59:38.120Z"}
{"level":"error","message":"Cannot destructure property 'email' of 'req.body' as it is undefined.","method":"POST","path":"/api/user","stack":"TypeError: Cannot destructure property 'email' of 'req.body' as it is undefined.\n    at E:\\ems\\src\\controllers\\user.controller.js:19:17\n    at E:\\ems\\src\\utils\\asyncHandler.js:3:25\n    at Layer.handleRequest (E:\\ems\\node_modules\\router\\lib\\layer.js:152:17)\n    at next (E:\\ems\\node_modules\\router\\lib\\route.js:157:13)\n    at module.exports (E:\\ems\\src\\middleware\\validate.js:13:3)\n    at Layer.handleRequest (E:\\ems\\node_modules\\router\\lib\\layer.js:152:17)\n    at next (E:\\ems\\node_modules\\router\\lib\\route.js:157:13)\n    at Route.dispatch (E:\\ems\\node_modules\\router\\lib\\route.js:117:3)\n    at handle (E:\\ems\\node_modules\\router\\index.js:435:11)\n    at Layer.handleRequest (E:\\ems\\node_modules\\router\\lib\\layer.js:152:17)","statusCode":500,"timestamp":"2026-02-25T07:59:39.184Z"}
{"level":"info","message":"::1 - - [25/Feb/2026:07:59:39 +0000] \"POST /api/user HTTP/1.1\" 500 100 \"-\" \"PostmanRuntime/7.51.1\"","timestamp":"2026-02-25T07:59:39.205Z"}
{"level":"error","message":"Illegal arguments: number, string","method":"POST","path":"/api/user","stack":"Error: Illegal arguments: number, string\n    at _async (E:\\ems\\node_modules\\bcryptjs\\umd\\index.js:305:15)\n    at E:\\ems\\node_modules\\bcryptjs\\umd\\index.js:335:11\n    at new Promise (<anonymous>)\n    at Object.compare (E:\\ems\\node_modules\\bcryptjs\\umd\\index.js:334:16)\n    at userSchema.methods.comparePassword (E:\\ems\\src\\models\\user.model.js:65:19)\n    at UserServices.loginUser (E:\\ems\\src\\services\\user.services.js:22:29)\n    at process.processTicksAndRejections (node:internal/process/task_queues:95:5)\n    at async E:\\ems\\src\\controllers\\user.controller.js:24:22","statusCode":500,"timestamp":"2026-02-25T08:01:30.135Z"}
{"level":"info","message":"::1 - - [25/Feb/2026:08:01:30 +0000] \"POST /api/user HTTP/1.1\" 500 64 \"-\" \"PostmanRuntime/7.51.1\"","timestamp":"2026-02-25T08:01:30.143Z"}
{"level":"info","message":"::1 - - [25/Feb/2026:08:01:42 +0000] \"POST /api/user HTTP/1.1\" 200 513 \"-\" \"PostmanRuntime/7.51.1\"","timestamp":"2026-02-25T08:01:42.220Z"}
{"level":"info","message":"Mongo db connected host is localhost","timestamp":"2026-02-25T08:23:53.825Z"}
{"level":"info","message":"Server running on port 3000","timestamp":"2026-02-25T08:23:53.837Z"}
{"level":"info","message":"::1 - - [25/Feb/2026:08:28:15 +0000] \"POST /api/expenses HTTP/1.1\" 404 152 \"-\" \"PostmanRuntime/7.51.1\"","timestamp":"2026-02-25T08:28:15.178Z"}
{"level":"info","message":"Mongo db connected host is localhost","timestamp":"2026-02-25T08:28:57.484Z"}
{"level":"info","message":"Server running on port 3000","timestamp":"2026-02-25T08:28:57.506Z"}
{"level":"info","message":"::1 - - [25/Feb/2026:08:29:00 +0000] \"POST /api/expenses HTTP/1.1\" 404 152 \"-\" \"PostmanRuntime/7.51.1\"","timestamp":"2026-02-25T08:29:00.759Z"}
{"level":"info","message":"::1 - - [25/Feb/2026:08:29:36 +0000] \"POST /api/expenses HTTP/1.1\" 404 152 \"-\" \"PostmanRuntime/7.51.1\"","timestamp":"2026-02-25T08:29:36.904Z"}
{"level":"info","message":"::1 - - [25/Feb/2026:08:30:33 +0000] \"POST /api/expenses HTTP/1.1\" 404 152 \"-\" \"PostmanRuntime/7.51.1\"","timestamp":"2026-02-25T08:30:33.251Z"}
{"level":"info","message":"Mongo db connected host is localhost","timestamp":"2026-02-25T08:31:25.828Z"}
{"level":"info","message":"Server running on port 3000","timestamp":"2026-02-25T08:31:25.837Z"}
{"level":"info","message":"::1 - - [25/Feb/2026:08:31:29 +0000] \"POST /api/expenses HTTP/1.1\" 401 54 \"-\" \"PostmanRuntime/7.51.1\"","timestamp":"2026-02-25T08:31:29.714Z"}
{"level":"info","message":"::1 - - [25/Feb/2026:08:31:47 +0000] \"POST /api/expenses HTTP/1.1\" 200 319 \"-\" \"PostmanRuntime/7.51.1\"","timestamp":"2026-02-25T08:31:47.847Z"}
{"level":"info","message":"Mongo db connected host is localhost","timestamp":"2026-02-25T08:35:19.056Z"}
{"level":"info","message":"Server running on port 3000","timestamp":"2026-02-25T08:35:19.060Z"}
{"level":"info","message":"::1 - - [25/Feb/2026:08:35:58 +0000] \"POST /api/expense HTTP/1.1\" 200 30 \"-\" \"PostmanRuntime/7.51.1\"","timestamp":"2026-02-25T08:35:58.383Z"}
{"level":"info","message":"Mongo db connected host is localhost","timestamp":"2026-02-25T08:36:52.582Z"}
{"level":"info","message":"Server running on port 3000","timestamp":"2026-02-25T08:36:52.586Z"}
{"level":"info","message":"::1 - - [25/Feb/2026:08:36:55 +0000] \"POST /api/expense HTTP/1.1\" 200 30 \"-\" \"PostmanRuntime/7.51.1\"","timestamp":"2026-02-25T08:36:55.470Z"}
{"level":"info","message":"Mongo db connected host is localhost","timestamp":"2026-02-25T08:37:27.388Z"}
{"level":"info","message":"Server running on port 3000","timestamp":"2026-02-25T08:37:27.393Z"}
{"level":"error","message":"Expense Not Found","method":"POST","path":"/api/expense","stack":"Error: Expense Not Found\n    at E:\\ems\\src\\controllers\\expense.controller.js:24:15\n    at process.processTicksAndRejections (node:internal/process/task_queues:95:5)","statusCode":404,"timestamp":"2026-02-25T08:37:29.776Z"}
{"level":"info","message":"::1 - - [25/Feb/2026:08:37:29 +0000] \"POST /api/expense HTTP/1.1\" 404 48 \"-\" \"PostmanRuntime/7.51.1\"","timestamp":"2026-02-25T08:37:29.782Z"}
{"level":"info","message":"Mongo db connected host is localhost","timestamp":"2026-02-25T08:39:58.640Z"}
{"level":"info","message":"Server running on port 3000","timestamp":"2026-02-25T08:39:58.644Z"}
{"level":"error","message":"Expense Not Found","method":"GET","path":"/api/expenses","stack":"Error: Expense Not Found\n    at E:\\ems\\src\\controllers\\expense.controller.js:24:15\n    at process.processTicksAndRejections (node:internal/process/task_queues:95:5)","statusCode":404,"timestamp":"2026-02-25T08:40:12.331Z"}
{"level":"info","message":"::1 - - [25/Feb/2026:08:40:12 +0000] \"GET /api/expenses HTTP/1.1\" 404 48 \"-\" \"PostmanRuntime/7.51.1\"","timestamp":"2026-02-25T08:40:12.335Z"}
{"level":"info","message":"::1 - - [25/Feb/2026:08:40:48 +0000] \"POST /api/expenses/699eb373f33023ab5b8f5ae6 HTTP/1.1\" 200 319 \"-\" \"PostmanRuntime/7.51.1\"","timestamp":"2026-02-25T08:40:48.868Z"}
{"level":"info","message":"::1 - - [25/Feb/2026:08:41:48 +0000] \"POST /api/expenses/699eb373f33023ab5b8f5ae6 HTTP/1.1\" 200 319 \"-\" \"PostmanRuntime/7.51.1\"","timestamp":"2026-02-25T08:41:48.267Z"}
{"level":"info","message":"::1 - - [25/Feb/2026:08:43:46 +0000] \"POST /api/expenses/699eb373f33023ab5b8f5ae6 HTTP/1.1\" 200 319 \"-\" \"PostmanRuntime/7.51.1\"","timestamp":"2026-02-25T08:43:46.692Z"}
{"level":"info","message":"::1 - - [25/Feb/2026:08:43:57 +0000] \"PUT /api/expenses/699eb373f33023ab5b8f5ae6 HTTP/1.1\" 200 330 \"-\" \"PostmanRuntime/7.51.1\"","timestamp":"2026-02-25T08:43:57.967Z"}
{"level":"info","message":"::1 - - [25/Feb/2026:08:49:06 +0000] \"POST /api/users HTTP/1.1\" 200 672 \"-\" \"PostmanRuntime/7.51.1\"","timestamp":"2026-02-25T08:49:06.779Z"}
{"level":"info","message":"::1 - - [25/Feb/2026:08:50:18 +0000] \"POST /api/user HTTP/1.1\" 200 681 \"-\" \"PostmanRuntime/7.51.1\"","timestamp":"2026-02-25T08:50:18.213Z"}
{"level":"info","message":"::1 - - [25/Feb/2026:08:53:36 +0000] \"POST /api/expenses HTTP/1.1\" 200 336 \"-\" \"PostmanRuntime/7.51.1\"","timestamp":"2026-02-25T08:53:36.819Z"}
{"level":"info","message":"Mongo db connected host is localhost","timestamp":"2026-02-25T08:56:18.451Z"}
{"level":"info","message":"Server running on port 3000","timestamp":"2026-02-25T08:56:18.455Z"}
{"level":"info","message":"::1 - - [25/Feb/2026:08:56:25 +0000] \"POST /api/expenses HTTP/1.1\" 200 317 \"-\" \"PostmanRuntime/7.51.1\"","timestamp":"2026-02-25T08:56:25.302Z"}
{"level":"info","message":"Mongo db connected host is localhost","timestamp":"2026-02-25T08:56:47.598Z"}
{"level":"info","message":"Server running on port 3000","timestamp":"2026-02-25T08:56:47.607Z"}
{"level":"info","message":"::1 - - [25/Feb/2026:08:56:50 +0000] \"POST /api/expenses HTTP/1.1\" 200 344 \"-\" \"PostmanRuntime/7.51.1\"","timestamp":"2026-02-25T08:56:50.322Z"}
{"level":"error","message":"Cannot read properties of undefined (reading 'ownerType')","method":"POST","path":"/api/expenses","stack":"TypeError: Cannot read properties of undefined (reading 'ownerType')\n    at E:\\ems\\src\\controllers\\expense.controller.js:9:27\n    at E:\\ems\\src\\utils\\asyncHandler.js:3:25\n    at Layer.handleRequest (E:\\ems\\node_modules\\router\\lib\\layer.js:152:17)\n    at next (E:\\ems\\node_modules\\router\\lib\\route.js:157:13)\n    at protect (E:\\ems\\src\\middleware\\auth.middleware.js:35:5)\n    at process.processTicksAndRejections (node:internal/process/task_queues:95:5)","statusCode":500,"timestamp":"2026-02-25T08:59:13.907Z"}
{"level":"info","message":"::1 - - [25/Feb/2026:08:59:13 +0000] \"POST /api/expenses HTTP/1.1\" 500 88 \"-\" \"PostmanRuntime/7.51.1\"","timestamp":"2026-02-25T08:59:13.909Z"}
{"level":"info","message":"Mongo db connected host is localhost","timestamp":"2026-02-25T09:01:29.510Z"}
{"level":"info","message":"Server running on port 3000","timestamp":"2026-02-25T09:01:29.515Z"}
{"level":"info","message":"::1 - - [25/Feb/2026:09:01:32 +0000] \"POST /api/expenses HTTP/1.1\" 401 54 \"-\" \"PostmanRuntime/7.51.1\"","timestamp":"2026-02-25T09:01:32.703Z"}
{"level":"info","message":"::1 - - [25/Feb/2026:09:02:28 +0000] \"POST /api/expenses HTTP/1.1\" 401 54 \"-\" \"PostmanRuntime/7.51.1\"","timestamp":"2026-02-25T09:02:28.943Z"}
{"level":"info","message":"::1 - - [25/Feb/2026:09:03:04 +0000] \"POST /api/user HTTP/1.1\" 200 681 \"-\" \"PostmanRuntime/7.51.1\"","timestamp":"2026-02-25T09:03:04.574Z"}
{"level":"info","message":"::1 - - [25/Feb/2026:09:03:37 +0000] \"GET /api/expenses HTTP/1.1\" 401 54 \"-\" \"PostmanRuntime/7.51.1\"","timestamp":"2026-02-25T09:03:37.196Z"}
{"level":"info","message":"Mongo db connected host is localhost","timestamp":"2026-02-25T09:07:59.594Z"}
{"level":"info","message":"Server running on port 3000","timestamp":"2026-02-25T09:07:59.597Z"}
{"level":"info","message":"Mongo db connected host is localhost","timestamp":"2026-02-25T09:11:16.856Z"}
{"level":"info","message":"Server running on port 3000","timestamp":"2026-02-25T09:11:16.862Z"}
{"level":"info","message":"::1 - - [25/Feb/2026:09:11:23 +0000] \"GET /api/expenses HTTP/1.1\" 401 54 \"-\" \"PostmanRuntime/7.51.1\"","timestamp":"2026-02-25T09:11:23.499Z"}
{"level":"info","message":"::1 - - [25/Feb/2026:09:11:37 +0000] \"POST /api/user HTTP/1.1\" 200 681 \"-\" \"PostmanRuntime/7.51.1\"","timestamp":"2026-02-25T09:11:37.348Z"}
{"level":"info","message":"::1 - - [25/Feb/2026:09:12:03 +0000] \"GET /api/expenses HTTP/1.1\" 401 54 \"-\" \"PostmanRuntime/7.51.1\"","timestamp":"2026-02-25T09:12:03.581Z"}
{"level":"info","message":"::1 - - [25/Feb/2026:09:13:04 +0000] \"POST /api/expenses HTTP/1.1\" 401 54 \"-\" \"PostmanRuntime/7.51.1\"","timestamp":"2026-02-25T09:13:04.111Z"}
{"level":"info","message":"::1 - - [25/Feb/2026:09:13:16 +0000] \"POST /api/expenses HTTP/1.1\" 401 54 \"-\" \"PostmanRuntime/7.51.1\"","timestamp":"2026-02-25T09:13:16.097Z"}
{"level":"info","message":"Mongo db connected host is localhost","timestamp":"2026-02-25T09:13:51.551Z"}
{"level":"info","message":"Server running on port 3000","timestamp":"2026-02-25T09:13:51.555Z"}
{"level":"info","message":"::1 - - [25/Feb/2026:09:13:57 +0000] \"POST /api/expenses HTTP/1.1\" 200 344 \"-\" \"PostmanRuntime/7.51.1\"","timestamp":"2026-02-25T09:13:57.914Z"}
{"level":"error","message":"Cannot read properties of undefined (reading 'ownerType')","method":"GET","path":"/api/expenses","stack":"TypeError: Cannot read properties of undefined (reading 'ownerType')\n    at E:\\ems\\src\\controllers\\expense.controller.js:22:29\n    at E:\\ems\\src\\utils\\asyncHandler.js:3:25\n    at Layer.handleRequest (E:\\ems\\node_modules\\router\\lib\\layer.js:152:17)\n    at next (E:\\ems\\node_modules\\router\\lib\\route.js:157:13)\n    at protect (E:\\ems\\src\\middleware\\auth.middleware.js:35:5)\n    at process.processTicksAndRejections (node:internal/process/task_queues:95:5)","statusCode":500,"timestamp":"2026-02-25T09:14:07.658Z"}
{"level":"info","message":"::1 - - [25/Feb/2026:09:14:07 +0000] \"GET /api/expenses HTTP/1.1\" 500 88 \"-\" \"PostmanRuntime/7.51.1\"","timestamp":"2026-02-25T09:14:07.660Z"}
{"level":"info","message":"Mongo db connected host is localhost","timestamp":"2026-02-25T09:15:21.345Z"}
{"level":"info","message":"Server running on port 3000","timestamp":"2026-02-25T09:15:21.350Z"}
{"level":"info","message":"Mongo db connected host is localhost","timestamp":"2026-02-25T09:17:21.930Z"}
{"level":"info","message":"Server running on port 3000","timestamp":"2026-02-25T09:17:21.942Z"}
{"level":"info","message":"Mongo db connected host is localhost","timestamp":"2026-02-25T09:18:09.887Z"}
{"level":"info","message":"Server running on port 3000","timestamp":"2026-02-25T09:18:09.892Z"}
{"level":"info","message":"::1 - - [25/Feb/2026:09:18:35 +0000] \"GET /api/expenses HTTP/1.1\" 200 663 \"-\" \"PostmanRuntime/7.51.1\"","timestamp":"2026-02-25T09:18:35.265Z"}
{"level":"info","message":"Mongo db connected host is localhost","timestamp":"2026-02-25T09:20:02.935Z"}
{"level":"info","message":"Server running on port 3000","timestamp":"2026-02-25T09:20:02.939Z"}
{"level":"info","message":"::1 - - [25/Feb/2026:09:20:35 +0000] \"GET /api/expenses/699ebd55a046e667b7606839 HTTP/1.1\" 200 344 \"-\" \"PostmanRuntime/7.51.1\"","timestamp":"2026-02-25T09:20:35.192Z"}
{"level":"info","message":"::1 - - [25/Feb/2026:09:22:06 +0000] \"GET /api/expenses/699ebd55a046e667b7606839 HTTP/1.1\" 200 344 \"-\" \"PostmanRuntime/7.51.1\"","timestamp":"2026-02-25T09:22:06.266Z"}
{"level":"info","message":"::1 - - [25/Feb/2026:09:22:17 +0000] \"PUT /api/expenses/699ebd55a046e667b7606839 HTTP/1.1\" 200 344 \"-\" \"PostmanRuntime/7.51.1\"","timestamp":"2026-02-25T09:22:17.422Z"}
{"level":"info","message":"Mongo db connected host is localhost","timestamp":"2026-02-25T10:02:38.763Z"}
{"level":"info","message":"Server running on port 3000","timestamp":"2026-02-25T10:02:38.780Z"}
{"level":"info","message":"::1 - - [25/Feb/2026:10:22:28 +0000] \"POST /api/expenses HTTP/1.1\" 401 54 \"-\" \"PostmanRuntime/7.51.1\"","timestamp":"2026-02-25T10:22:28.279Z"}
{"level":"info","message":"::1 - - [25/Feb/2026:10:23:51 +0000] \"POST /api/user HTTP/1.1\" 200 583 \"-\" \"PostmanRuntime/7.51.1\"","timestamp":"2026-02-25T10:23:51.302Z"}
{"level":"info","message":"::1 - - [25/Feb/2026:10:24:18 +0000] \"POST /api/expenses HTTP/1.1\" 200 812 \"-\" \"PostmanRuntime/7.51.1\"","timestamp":"2026-02-25T10:24:18.481Z"}
{"level":"info","message":"Mongo db connected host is localhost","timestamp":"2026-02-25T11:10:41.067Z"}
{"level":"info","message":"Server running on port 3000","timestamp":"2026-02-25T11:10:41.076Z"}
{"level":"info","message":"Mongo db connected host is localhost","timestamp":"2026-02-25T11:28:43.084Z"}
{"level":"info","message":"Server running on port 3000","timestamp":"2026-02-25T11:28:43.107Z"}
{"level":"info","message":"Mongo db connected host is localhost","timestamp":"2026-02-25T11:47:58.601Z"}
{"level":"info","message":"Server running on port 3000","timestamp":"2026-02-25T11:47:58.613Z"}
{"level":"info","message":"::1 - - [25/Feb/2026:11:49:57 +0000] \"PUT /api/expenses/699eb373f33023ab5b8f5ae6 HTTP/1.1\" 401 54 \"-\" \"PostmanRuntime/7.51.1\"","timestamp":"2026-02-25T11:49:57.478Z"}
{"level":"info","message":"::1 - - [25/Feb/2026:11:50:09 +0000] \"POST /api/user HTTP/1.1\" 200 583 \"-\" \"PostmanRuntime/7.51.1\"","timestamp":"2026-02-25T11:50:09.713Z"}
{"level":"info","message":"::1 - - [25/Feb/2026:11:50:39 +0000] \"PUT /api/expenses/699eb373f33023ab5b8f5ae6 HTTP/1.1\" 200 758 \"-\" \"PostmanRuntime/7.51.1\"","timestamp":"2026-02-25T11:50:39.619Z"}
{"level":"info","message":"Mongo db connected host is localhost","timestamp":"2026-02-26T06:20:27.954Z"}
{"level":"info","message":"Server running on port 3000","timestamp":"2026-02-26T06:20:27.962Z"}
{"level":"info","message":"::1 - - [26/Feb/2026:06:32:46 +0000] \"GET /health HTTP/1.1\" 404 145 \"-\" \"Mozilla/5.0 (Windows NT 10.0; Win64; x64) AppleWebKit/537.36 (KHTML, like Gecko) Chrome/145.0.0.0 Safari/537.36\"","timestamp":"2026-02-26T06:32:46.834Z"}
{"level":"info","message":"Mongo db connected host is localhost","timestamp":"2026-02-26T07:25:53.815Z"}
{"level":"info","message":"Server running on port 3000","timestamp":"2026-02-26T07:25:53.819Z"}
{"level":"info","message":"Mongo db connected host is localhost","timestamp":"2026-02-26T07:27:45.669Z"}
{"level":"info","message":"Server running on port 3000","timestamp":"2026-02-26T07:27:45.673Z"}
{"level":"info","message":"Mongo db connected host is localhost","timestamp":"2026-02-26T07:28:04.782Z"}
{"level":"info","message":"Server running on port 3000","timestamp":"2026-02-26T07:28:04.786Z"}
{"level":"info","message":"Mongo db connected host is localhost","timestamp":"2026-02-26T07:30:37.460Z"}
{"level":"info","message":"Server running on port 3000","timestamp":"2026-02-26T07:30:37.465Z"}
{"level":"info","message":"Mongo db connected host is localhost","timestamp":"2026-02-26T07:30:45.667Z"}
{"level":"info","message":"Server running on port 3000","timestamp":"2026-02-26T07:30:45.679Z"}
{"level":"info","message":"Mongo db connected host is localhost","timestamp":"2026-02-26T07:31:07.991Z"}
{"level":"info","message":"Server running on port 3000","timestamp":"2026-02-26T07:31:08.001Z"}
{"level":"info","message":"Mongo db connected host is localhost","timestamp":"2026-02-26T07:31:29.759Z"}
{"level":"info","message":"Server running on port 3000","timestamp":"2026-02-26T07:31:29.763Z"}
{"level":"info","message":"Mongo db connected host is localhost","timestamp":"2026-02-26T07:32:21.547Z"}
{"level":"info","message":"Server running on port 3000","timestamp":"2026-02-26T07:32:21.552Z"}
{"level":"info","message":"Mongo db connected host is localhost","timestamp":"2026-02-26T07:32:53.045Z"}
{"level":"info","message":"Server running on port 3000","timestamp":"2026-02-26T07:32:53.050Z"}
{"level":"info","message":"Mongo db connected host is localhost","timestamp":"2026-02-26T07:37:42.384Z"}
{"level":"info","message":"Server running on port 3000","timestamp":"2026-02-26T07:37:42.395Z"}
{"level":"info","message":"Mongo db connected host is localhost","timestamp":"2026-02-26T07:39:31.646Z"}
{"level":"info","message":"Server running on port 3000","timestamp":"2026-02-26T07:39:31.657Z"}
{"level":"info","message":"Mongo db connected host is localhost","timestamp":"2026-02-26T07:39:44.601Z"}
{"level":"info","message":"Server running on port 3000","timestamp":"2026-02-26T07:39:44.605Z"}
{"level":"info","message":"Mongo db connected host is localhost","timestamp":"2026-02-26T07:40:13.572Z"}
{"level":"info","message":"Server running on port 3000","timestamp":"2026-02-26T07:40:13.576Z"}
{"level":"info","message":"Mongo db connected host is localhost","timestamp":"2026-02-26T07:40:36.449Z"}
{"level":"info","message":"Server running on port 3000","timestamp":"2026-02-26T07:40:36.453Z"}
{"level":"info","message":"Mongo db connected host is localhost","timestamp":"2026-02-26T07:41:57.642Z"}
{"level":"info","message":"Server running on port 3000","timestamp":"2026-02-26T07:41:57.647Z"}
{"level":"info","message":"Mongo db connected host is localhost","timestamp":"2026-02-26T07:42:12.739Z"}
{"level":"info","message":"Server running on port 3000","timestamp":"2026-02-26T07:42:12.743Z"}
{"level":"info","message":"Mongo db connected host is localhost","timestamp":"2026-02-26T07:42:28.555Z"}
{"level":"info","message":"Server running on port 3000","timestamp":"2026-02-26T07:42:28.559Z"}
{"level":"info","message":"Mongo db connected host is localhost","timestamp":"2026-02-26T07:42:41.568Z"}
{"level":"info","message":"Server running on port 3000","timestamp":"2026-02-26T07:42:41.571Z"}
{"level":"info","message":"Mongo db connected host is localhost","timestamp":"2026-02-26T07:43:01.126Z"}
{"level":"info","message":"Server running on port 3000","timestamp":"2026-02-26T07:43:01.137Z"}
{"level":"info","message":"Mongo db connected host is localhost","timestamp":"2026-02-26T07:43:27.330Z"}
{"level":"info","message":"Server running on port 3000","timestamp":"2026-02-26T07:43:27.334Z"}
{"level":"info","message":"Mongo db connected host is localhost","timestamp":"2026-02-26T07:43:39.969Z"}
{"level":"info","message":"Server running on port 3000","timestamp":"2026-02-26T07:43:39.979Z"}
{"level":"info","message":"Mongo db connected host is localhost","timestamp":"2026-02-26T07:44:04.613Z"}
{"level":"info","message":"Server running on port 3000","timestamp":"2026-02-26T07:44:04.626Z"}
{"level":"info","message":"Mongo db connected host is localhost","timestamp":"2026-02-26T07:44:17.489Z"}
{"level":"info","message":"Server running on port 3000","timestamp":"2026-02-26T07:44:17.499Z"}
{"level":"info","message":"Mongo db connected host is localhost","timestamp":"2026-02-26T07:44:54.743Z"}
{"level":"info","message":"Server running on port 3000","timestamp":"2026-02-26T07:44:54.753Z"}
{"level":"info","message":"Mongo db connected host is localhost","timestamp":"2026-02-26T07:45:15.198Z"}
{"level":"info","message":"Server running on port 3000","timestamp":"2026-02-26T07:45:15.203Z"}
{"level":"info","message":"Mongo db connected host is localhost","timestamp":"2026-02-26T07:45:28.066Z"}
{"level":"info","message":"Server running on port 3000","timestamp":"2026-02-26T07:45:28.070Z"}
{"level":"info","message":"Mongo db connected host is localhost","timestamp":"2026-02-26T07:45:42.691Z"}
{"level":"info","message":"Server running on port 3000","timestamp":"2026-02-26T07:45:42.695Z"}
{"level":"info","message":"Mongo db connected host is localhost","timestamp":"2026-02-26T07:45:58.588Z"}
{"level":"info","message":"Server running on port 3000","timestamp":"2026-02-26T07:45:58.591Z"}
{"level":"info","message":"Mongo db connected host is localhost","timestamp":"2026-02-26T07:46:12.194Z"}
{"level":"info","message":"Server running on port 3000","timestamp":"2026-02-26T07:46:12.199Z"}
{"level":"info","message":"Mongo db connected host is localhost","timestamp":"2026-02-26T07:46:33.903Z"}
{"level":"info","message":"Server running on port 3000","timestamp":"2026-02-26T07:46:33.915Z"}
{"level":"info","message":"Mongo db connected host is localhost","timestamp":"2026-02-26T07:46:49.661Z"}
{"level":"info","message":"Server running on port 3000","timestamp":"2026-02-26T07:46:49.672Z"}
{"level":"info","message":"Mongo db connected host is localhost","timestamp":"2026-02-26T07:47:26.460Z"}
{"level":"info","message":"Server running on port 3000","timestamp":"2026-02-26T07:47:26.471Z"}
{"level":"info","message":"Mongo db connected host is localhost","timestamp":"2026-02-26T07:47:59.477Z"}
{"level":"info","message":"Server running on port 3000","timestamp":"2026-02-26T07:47:59.487Z"}
{"level":"info","message":"Mongo db connected host is localhost","timestamp":"2026-02-26T07:48:21.557Z"}
{"level":"info","message":"Server running on port 3000","timestamp":"2026-02-26T07:48:21.561Z"}
{"level":"info","message":"Mongo db connected host is localhost","timestamp":"2026-02-26T07:48:56.672Z"}
{"level":"info","message":"Server running on port 3000","timestamp":"2026-02-26T07:48:56.676Z"}
{"level":"info","message":"Mongo db connected host is localhost","timestamp":"2026-02-26T07:49:02.357Z"}
{"level":"info","message":"Server running on port 3000","timestamp":"2026-02-26T07:49:02.361Z"}
{"level":"info","message":"Mongo db connected host is localhost","timestamp":"2026-02-26T08:33:20.273Z"}
{"level":"info","message":"Server running on port 3000","timestamp":"2026-02-26T08:33:20.291Z"}
{"level":"info","message":"Mongo db connected host is localhost","timestamp":"2026-02-26T08:33:38.438Z"}
{"level":"info","message":"Server running on port 3000","timestamp":"2026-02-26T08:33:38.447Z"}
{"level":"info","message":"Mongo db connected host is localhost","timestamp":"2026-02-26T08:57:52.317Z"}
{"level":"info","message":"Server running on port 3000","timestamp":"2026-02-26T08:57:52.327Z"}
{"level":"info","message":"Mongo db connected host is localhost","timestamp":"2026-02-26T09:11:55.250Z"}
{"level":"info","message":"Server running on port 3000","timestamp":"2026-02-26T09:11:55.260Z"}
{"level":"info","message":"Mongo db connected host is localhost","timestamp":"2026-02-26T09:31:42.109Z"}
{"level":"info","message":"Server running on port 3000","timestamp":"2026-02-26T09:31:42.132Z"}
{"level":"info","message":"Mongo db connected host is localhost","timestamp":"2026-02-26T09:46:05.108Z"}
{"level":"info","message":"Server running on port 3000","timestamp":"2026-02-26T09:46:05.121Z"}
{"level":"info","message":"Mongo db connected host is localhost","timestamp":"2026-02-26T09:54:49.790Z"}
{"level":"info","message":"Server running on port 3000","timestamp":"2026-02-26T09:54:49.801Z"}
{"level":"info","message":"Mongo db connected host is localhost","timestamp":"2026-02-26T09:59:38.565Z"}
{"level":"info","message":"Server running on port 3000","timestamp":"2026-02-26T09:59:38.577Z"}
{"level":"info","message":"Mongo db connected host is localhost","timestamp":"2026-02-26T10:01:44.989Z"}
{"level":"info","message":"Server running on port 3000","timestamp":"2026-02-26T10:01:45.015Z"}
{"level":"info","message":"Mongo db connected host is localhost","timestamp":"2026-02-26T10:02:08.744Z"}
{"level":"info","message":"Server running on port 3000","timestamp":"2026-02-26T10:02:08.772Z"}
{"level":"info","message":"Mongo db connected host is localhost","timestamp":"2026-02-26T10:06:19.700Z"}
{"level":"info","message":"Server running on port 3000","timestamp":"2026-02-26T10:06:19.715Z"}
{"level":"info","message":"Mongo db connected host is localhost","timestamp":"2026-02-26T10:41:34.192Z"}
{"level":"info","message":"Server running on port 3000","timestamp":"2026-02-26T10:41:34.196Z"}
{"level":"info","message":"Mongo db connected host is localhost","timestamp":"2026-02-26T10:41:53.649Z"}
{"level":"info","message":"Server running on port 3000","timestamp":"2026-02-26T10:41:53.654Z"}
{"level":"info","message":"Mongo db connected host is localhost","timestamp":"2026-02-26T11:01:21.296Z"}
{"level":"info","message":"Server running on port 3000","timestamp":"2026-02-26T11:01:21.300Z"}
{"level":"info","message":"Mongo db connected host is localhost","timestamp":"2026-02-26T11:01:42.309Z"}
{"level":"info","message":"Server running on port 3000","timestamp":"2026-02-26T11:01:42.313Z"}
{"level":"info","message":"Mongo db connected host is localhost","timestamp":"2026-02-26T11:23:43.913Z"}
{"level":"info","message":"Server running on port 3000","timestamp":"2026-02-26T11:23:43.921Z"}
{"level":"info","message":"Mongo db connected host is localhost","timestamp":"2026-02-26T11:25:23.223Z"}
{"level":"info","message":"Server running on port 3000","timestamp":"2026-02-26T11:25:23.232Z"}
{"level":"info","message":"Mongo db connected host is localhost","timestamp":"2026-02-26T11:25:54.124Z"}
{"level":"info","message":"Server running on port 3000","timestamp":"2026-02-26T11:25:54.128Z"}
{"level":"info","message":"Mongo db connected host is localhost","timestamp":"2026-02-26T11:29:30.950Z"}
{"level":"info","message":"Server running on port 3000","timestamp":"2026-02-26T11:29:30.954Z"}
{"level":"info","message":"Mongo db connected host is localhost","timestamp":"2026-02-26T15:08:19.103Z"}
{"level":"info","message":"Server running on port 3000","timestamp":"2026-02-26T15:08:19.118Z"}
{"level":"info","message":"Mongo db connected host is localhost","timestamp":"2026-02-26T15:08:37.256Z"}
{"level":"info","message":"Server running on port 3000","timestamp":"2026-02-26T15:08:37.264Z"}
{"level":"info","message":"Mongo db connected host is localhost","timestamp":"2026-02-27T11:16:08.933Z"}
{"level":"info","message":"Server running on port 3000","timestamp":"2026-02-27T11:16:08.943Z"}
{"level":"info","message":"Mongo db connected host is localhost","timestamp":"2026-02-27T11:16:27.278Z"}
{"level":"info","message":"Server running on port 3000","timestamp":"2026-02-27T11:16:27.286Z"}
{"level":"info","message":"Mongo db connected host is localhost","timestamp":"2026-02-27T11:17:29.041Z"}
{"level":"info","message":"Server running on port 3000","timestamp":"2026-02-27T11:17:29.060Z"}
{"level":"info","message":"Mongo db connected host is localhost","timestamp":"2026-02-27T11:19:55.878Z"}
{"level":"info","message":"Server running on port 3000","timestamp":"2026-02-27T11:19:55.889Z"}
{"level":"info","message":"Mongo db connected host is localhost","timestamp":"2026-02-27T11:21:27.246Z"}
{"level":"info","message":"Server running on port 3000","timestamp":"2026-02-27T11:21:27.256Z"}
{"level":"info","message":"Mongo db connected host is localhost","timestamp":"2026-02-27T11:21:35.703Z"}
{"level":"info","message":"Server running on port 3000","timestamp":"2026-02-27T11:21:35.720Z"}
{"level":"info","message":"Mongo db connected host is localhost","timestamp":"2026-02-27T11:29:17.416Z"}
{"level":"info","message":"Server running on port 3000","timestamp":"2026-02-27T11:29:17.426Z"}
{"level":"info","message":"Mongo db connected host is localhost","timestamp":"2026-02-27T11:29:41.582Z"}
{"level":"info","message":"Server running on port 3000","timestamp":"2026-02-27T11:29:41.592Z"}
{"level":"info","message":"Mongo db connected host is localhost","timestamp":"2026-02-27T11:29:59.841Z"}
{"level":"info","message":"Server running on port 3000","timestamp":"2026-02-27T11:29:59.858Z"}
{"level":"info","message":"Mongo db connected host is localhost","timestamp":"2026-02-27T15:14:17.423Z"}
{"level":"info","message":"Server running on port 3000","timestamp":"2026-02-27T15:14:17.427Z"}
{"level":"error","message":"Invalid credentials","method":"POST","path":"/api/user","stack":"Error: Invalid credentials\n    at UserServices.loginUser (E:\\ems\\src\\services\\user.services.js:35:19)\n    at async E:\\ems\\src\\controllers\\user.controller.js:35:22","statusCode":401,"timestamp":"2026-02-27T15:30:04.888Z"}
{"level":"info","message":"::1 - - [27/Feb/2026:15:30:04 +0000] \"POST /api/user HTTP/1.1\" 401 50 \"-\" \"PostmanRuntime/7.51.1\"","timestamp":"2026-02-27T15:30:04.892Z"}
{"level":"info","message":"Mongo db connected host is localhost","timestamp":"2026-02-27T15:32:18.548Z"}
{"level":"info","message":"Server running on port 3000","timestamp":"2026-02-27T15:32:18.552Z"}
{"level":"info","message":"::1 - - [27/Feb/2026:15:32:24 +0000] \"POST /api/user HTTP/1.1\" 200 738 \"-\" \"PostmanRuntime/7.51.1\"","timestamp":"2026-02-27T15:32:24.472Z"}
{"level":"info","message":"Mongo db connected host is localhost","timestamp":"2026-02-27T15:33:27.082Z"}
{"level":"info","message":"Server running on port 3000","timestamp":"2026-02-27T15:33:27.087Z"}
{"level":"info","message":"::1 - - [27/Feb/2026:15:33:31 +0000] \"POST /api/user HTTP/1.1\" 200 556 \"-\" \"PostmanRuntime/7.51.1\"","timestamp":"2026-02-27T15:33:31.577Z"}
{"level":"info","message":"::1 - - [27/Feb/2026:15:41:25 +0000] \"POST /api/budget HTTP/1.1\" 404 150 \"-\" \"PostmanRuntime/7.51.1\"","timestamp":"2026-02-27T15:41:25.490Z"}
{"level":"error","message":"Budget for this month already exist you can only update it","method":"POST","path":"/api/budgets","stack":"Error: Budget for this month already exist you can only update it\n    at BudgetRepo.setBudget (E:\\ems\\src\\repositories\\budget.repository.js:10:19)\n    at BudgetService.setBudget (E:\\ems\\src\\services\\budget.services.js:5:51)\n    at E:\\ems\\src\\controllers\\budget.controller.js:7:47\n    at E:\\ems\\src\\utils\\asyncHandler.js:10:25\n    at Layer.handleRequest (E:\\ems\\node_modules\\router\\lib\\layer.js:152:17)\n    at next (E:\\ems\\node_modules\\router\\lib\\route.js:157:13)\n    at middleware (E:\\ems\\node_modules\\express-validator\\lib\\middlewares\\check.js:16:13)\n    at process.processTicksAndRejections (node:internal/process/task_queues:95:5)","statusCode":401,"timestamp":"2026-02-27T15:42:12.594Z"}
{"level":"info","message":"::1 - - [27/Feb/2026:15:42:12 +0000] \"POST /api/budgets HTTP/1.1\" 401 89 \"-\" \"PostmanRuntime/7.51.1\"","timestamp":"2026-02-27T15:42:12.596Z"}
{"level":"info","message":"Mongo db connected host is localhost","timestamp":"2026-02-27T15:43:49.862Z"}
{"level":"info","message":"Server running on port 3000","timestamp":"2026-02-27T15:43:49.867Z"}
{"level":"error","message":"Budget for this month already exist you can only update it","method":"POST","path":"/api/budgets","stack":"Error: Budget for this month already exist you can only update it\n    at BudgetRepo.setBudget (E:\\ems\\src\\repositories\\budget.repository.js:10:19)\n    at BudgetService.setBudget (E:\\ems\\src\\services\\budget.services.js:5:51)\n    at E:\\ems\\src\\controllers\\budget.controller.js:7:47\n    at E:\\ems\\src\\utils\\asyncHandler.js:10:25\n    at Layer.handleRequest (E:\\ems\\node_modules\\router\\lib\\layer.js:152:17)\n    at next (E:\\ems\\node_modules\\router\\lib\\route.js:157:13)\n    at middleware (E:\\ems\\node_modules\\express-validator\\lib\\middlewares\\check.js:16:13)\n    at process.processTicksAndRejections (node:internal/process/task_queues:95:5)","statusCode":401,"timestamp":"2026-02-27T15:43:55.009Z"}
{"level":"info","message":"::1 - - [27/Feb/2026:15:43:55 +0000] \"POST /api/budgets HTTP/1.1\" 401 89 \"-\" \"PostmanRuntime/7.51.1\"","timestamp":"2026-02-27T15:43:55.013Z"}
{"level":"info","message":"Mongo db connected host is localhost","timestamp":"2026-02-27T15:44:31.966Z"}
{"level":"info","message":"Server running on port 3000","timestamp":"2026-02-27T15:44:31.970Z"}
{"level":"info","message":"Mongo db connected host is localhost","timestamp":"2026-02-27T15:45:06.471Z"}
{"level":"info","message":"Server running on port 3000","timestamp":"2026-02-27T15:45:06.477Z"}
{"level":"error","message":"Budget for this month already exist you can only update it","method":"POST","path":"/api/budgets","stack":"Error: Budget for this month already exist you can only update it\n    at BudgetRepo.setBudget (E:\\ems\\src\\repositories\\budget.repository.js:12:19)\n    at BudgetService.setBudget (E:\\ems\\src\\services\\budget.services.js:5:51)\n    at E:\\ems\\src\\controllers\\budget.controller.js:7:47\n    at E:\\ems\\src\\utils\\asyncHandler.js:10:25\n    at Layer.handleRequest (E:\\ems\\node_modules\\router\\lib\\layer.js:152:17)\n    at next (E:\\ems\\node_modules\\router\\lib\\route.js:157:13)\n    at middleware (E:\\ems\\node_modules\\express-validator\\lib\\middlewares\\check.js:16:13)\n    at process.processTicksAndRejections (node:internal/process/task_queues:95:5)","statusCode":401,"timestamp":"2026-02-27T15:45:13.774Z"}
{"level":"info","message":"::1 - - [27/Feb/2026:15:45:13 +0000] \"POST /api/budgets HTTP/1.1\" 401 89 \"-\" \"PostmanRuntime/7.51.1\"","timestamp":"2026-02-27T15:45:13.782Z"}
{"level":"info","message":"Mongo db connected host is localhost","timestamp":"2026-02-27T15:45:42.347Z"}
{"level":"info","message":"Server running on port 3000","timestamp":"2026-02-27T15:45:42.352Z"}
{"level":"error","message":"Budget for this month already exist you can only update it","method":"POST","path":"/api/budgets","stack":"Error: Budget for this month already exist you can only update it\n    at BudgetRepo.setBudget (E:\\ems\\src\\repositories\\budget.repository.js:12:19)\n    at BudgetService.setBudget (E:\\ems\\src\\services\\budget.services.js:5:51)\n    at E:\\ems\\src\\controllers\\budget.controller.js:7:47\n    at E:\\ems\\src\\utils\\asyncHandler.js:10:25\n    at Layer.handleRequest (E:\\ems\\node_modules\\router\\lib\\layer.js:152:17)\n    at next (E:\\ems\\node_modules\\router\\lib\\route.js:157:13)\n    at middleware (E:\\ems\\node_modules\\express-validator\\lib\\middlewares\\check.js:16:13)\n    at process.processTicksAndRejections (node:internal/process/task_queues:95:5)","statusCode":401,"timestamp":"2026-02-27T15:45:45.465Z"}
{"level":"info","message":"::1 - - [27/Feb/2026:15:45:45 +0000] \"POST /api/budgets HTTP/1.1\" 401 89 \"-\" \"PostmanRuntime/7.51.1\"","timestamp":"2026-02-27T15:45:45.469Z"}
{"level":"info","message":"Mongo db connected host is localhost","timestamp":"2026-02-27T15:47:03.998Z"}
{"level":"info","message":"Server running on port 3000","timestamp":"2026-02-27T15:47:04.003Z"}
{"level":"info","message":"::1 - - [27/Feb/2026:15:47:11 +0000] \"POST /api/budgets HTTP/1.1\" 201 178 \"-\" \"PostmanRuntime/7.51.1\"","timestamp":"2026-02-27T15:47:11.030Z"}
{"level":"info","message":"Mongo db connected host is localhost","timestamp":"2026-02-27T15:52:22.948Z"}
{"level":"info","message":"Server running on port 3000","timestamp":"2026-02-27T15:52:22.953Z"}
{"level":"error","message":"Budget for this month already exist you can only update it","method":"POST","path":"/api/budgets","stack":"Error: Budget for this month already exist you can only update it\n    at BudgetRepo.setBudget (E:\\ems\\src\\repositories\\budget.repository.js:14:19)\n    at BudgetService.setBudget (E:\\ems\\src\\services\\budget.services.js:5:51)\n    at E:\\ems\\src\\controllers\\budget.controller.js:7:47\n    at E:\\ems\\src\\utils\\asyncHandler.js:10:25\n    at Layer.handleRequest (E:\\ems\\node_modules\\router\\lib\\layer.js:152:17)\n    at next (E:\\ems\\node_modules\\router\\lib\\route.js:157:13)\n    at middleware (E:\\ems\\node_modules\\express-validator\\lib\\middlewares\\check.js:16:13)\n    at process.processTicksAndRejections (node:internal/process/task_queues:95:5)","statusCode":401,"timestamp":"2026-02-27T15:52:27.991Z"}
{"level":"info","message":"::1 - - [27/Feb/2026:15:52:27 +0000] \"POST /api/budgets HTTP/1.1\" 401 89 \"-\" \"PostmanRuntime/7.51.1\"","timestamp":"2026-02-27T15:52:27.998Z"}
{"level":"info","message":"Mongo db connected host is localhost","timestamp":"2026-02-27T15:54:21.666Z"}
{"level":"info","message":"Server running on port 3000","timestamp":"2026-02-27T15:54:21.670Z"}
{"level":"error","message":"Budget for this month already exist you can only update it","method":"POST","path":"/api/budgets","stack":"Error: Budget for this month already exist you can only update it\n    at BudgetRepo.setBudget (E:\\ems\\src\\repositories\\budget.repository.js:14:19)\n    at process.processTicksAndRejections (node:internal/process/task_queues:95:5)\n    at async BudgetService.setBudget (E:\\ems\\src\\services\\budget.services.js:5:28)\n    at async E:\\ems\\src\\controllers\\budget.controller.js:7:26","statusCode":401,"timestamp":"2026-02-27T15:54:28.768Z"}
{"level":"info","message":"::1 - - [27/Feb/2026:15:54:28 +0000] \"POST /api/budgets HTTP/1.1\" 401 89 \"-\" \"PostmanRuntime/7.51.1\"","timestamp":"2026-02-27T15:54:28.773Z"}
{"level":"info","message":"Mongo db connected host is localhost","timestamp":"2026-02-27T16:34:36.586Z"}
{"level":"info","message":"Server running on port 3000","timestamp":"2026-02-27T16:34:36.590Z"}
{"level":"info","message":"Mongo db connected host is localhost","timestamp":"2026-03-02T07:55:29.923Z"}
{"level":"info","message":"Server running on port 3000","timestamp":"2026-03-02T07:55:29.947Z"}
{"level":"info","message":"Mongo db connected host is localhost","timestamp":"2026-03-02T07:59:58.987Z"}
{"level":"info","message":"Server running on port 3000","timestamp":"2026-03-02T07:59:58.996Z"}
{"level":"info","message":"Mongo db connected host is localhost","timestamp":"2026-03-02T08:05:03.916Z"}
{"level":"info","message":"Server running on port 3000","timestamp":"2026-03-02T08:05:03.925Z"}
{"level":"info","message":"Mongo db connected host is localhost","timestamp":"2026-03-02T08:12:54.000Z"}
{"level":"info","message":"Server running on port 3000","timestamp":"2026-03-02T08:12:54.013Z"}
{"level":"info","message":"Mongo db connected host is localhost","timestamp":"2026-03-02T08:13:15.599Z"}
{"level":"info","message":"Server running on port 3000","timestamp":"2026-03-02T08:13:15.606Z"}
{"level":"info","message":"Mongo db connected host is localhost","timestamp":"2026-03-02T08:16:44.791Z"}
{"level":"info","message":"Server running on port 3000","timestamp":"2026-03-02T08:16:44.810Z"}
{"level":"info","message":"Mongo db connected host is localhost","timestamp":"2026-03-02T08:18:09.017Z"}
{"level":"info","message":"Server running on port 3000","timestamp":"2026-03-02T08:18:09.029Z"}
{"level":"error","message":"Cannot read properties of undefined (reading 'loginUser')","method":"POST","path":"/api/user","stack":"TypeError: Cannot read properties of undefined (reading 'loginUser')\n    at E:\\ems\\src\\controllers\\user.controller.js:35:41\n    at E:\\ems\\src\\utils\\asyncHandler.js:10:25\n    at Layer.handleRequest (E:\\ems\\node_modules\\router\\lib\\layer.js:152:17)\n    at next (E:\\ems\\node_modules\\router\\lib\\route.js:157:13)\n    at module.exports (E:\\ems\\src\\middleware\\validate.js:24:3)\n    at Layer.handleRequest (E:\\ems\\node_modules\\router\\lib\\layer.js:152:17)\n    at next (E:\\ems\\node_modules\\router\\lib\\route.js:157:13)\n    at Route.dispatch (E:\\ems\\node_modules\\router\\lib\\route.js:117:3)\n    at handle (E:\\ems\\node_modules\\router\\index.js:435:11)\n    at Layer.handleRequest (E:\\ems\\node_modules\\router\\lib\\layer.js:152:17)","statusCode":500,"timestamp":"2026-03-02T08:19:04.340Z"}
{"level":"info","message":"::1 - - [02/Mar/2026:08:19:04 +0000] \"POST /api/user HTTP/1.1\" 500 88 \"-\" \"PostmanRuntime/7.51.1\"","timestamp":"2026-03-02T08:19:04.368Z"}
{"level":"info","message":"Mongo db connected host is localhost","timestamp":"2026-03-02T08:20:37.598Z"}
{"level":"info","message":"Server running on port 3000","timestamp":"2026-03-02T08:20:37.621Z"}
{"level":"error","message":"Cannot read properties of undefined (reading 'loginUser')","method":"POST","path":"/api/user","stack":"TypeError: Cannot read properties of undefined (reading 'loginUser')\n    at E:\\ems\\src\\controllers\\user.controller.js:35:41\n    at E:\\ems\\src\\utils\\asyncHandler.js:10:25\n    at Layer.handleRequest (E:\\ems\\node_modules\\router\\lib\\layer.js:152:17)\n    at next (E:\\ems\\node_modules\\router\\lib\\route.js:157:13)\n    at module.exports (E:\\ems\\src\\middleware\\validate.js:24:3)\n    at Layer.handleRequest (E:\\ems\\node_modules\\router\\lib\\layer.js:152:17)\n    at next (E:\\ems\\node_modules\\router\\lib\\route.js:157:13)\n    at Route.dispatch (E:\\ems\\node_modules\\router\\lib\\route.js:117:3)\n    at handle (E:\\ems\\node_modules\\router\\index.js:435:11)\n    at Layer.handleRequest (E:\\ems\\node_modules\\router\\lib\\layer.js:152:17)","statusCode":500,"timestamp":"2026-03-02T08:22:09.103Z"}
{"level":"info","message":"::1 - - [02/Mar/2026:08:22:09 +0000] \"POST /api/user HTTP/1.1\" 500 88 \"-\" \"PostmanRuntime/7.51.1\"","timestamp":"2026-03-02T08:22:09.119Z"}
{"level":"info","message":"Mongo db connected host is localhost","timestamp":"2026-03-02T08:24:32.184Z"}
{"level":"info","message":"Server running on port 3000","timestamp":"2026-03-02T08:24:32.191Z"}
{"level":"info","message":"Mongo db connected host is localhost","timestamp":"2026-03-02T08:25:54.195Z"}
{"level":"info","message":"Server running on port 3000","timestamp":"2026-03-02T08:25:54.204Z"}
{"level":"error","message":"Cannot read properties of undefined (reading 'findByEmail')","method":"POST","path":"/api/user","stack":"TypeError: Cannot read properties of undefined (reading 'findByEmail')\n    at UserServices.loginUser (E:\\ems\\src\\services\\user.services.js:32:43)\n    at E:\\ems\\src\\controllers\\user.controller.js:35:41\n    at E:\\ems\\src\\utils\\asyncHandler.js:10:25\n    at Layer.handleRequest (E:\\ems\\node_modules\\router\\lib\\layer.js:152:17)\n    at next (E:\\ems\\node_modules\\router\\lib\\route.js:157:13)\n    at module.exports (E:\\ems\\src\\middleware\\validate.js:24:3)\n    at Layer.handleRequest (E:\\ems\\node_modules\\router\\lib\\layer.js:152:17)\n    at next (E:\\ems\\node_modules\\router\\lib\\route.js:157:13)\n    at Route.dispatch (E:\\ems\\node_modules\\router\\lib\\route.js:117:3)\n    at handle (E:\\ems\\node_modules\\router\\index.js:435:11)","statusCode":500,"timestamp":"2026-03-02T08:25:57.931Z"}
{"level":"info","message":"::1 - - [02/Mar/2026:08:25:57 +0000] \"POST /api/user HTTP/1.1\" 500 90 \"-\" \"PostmanRuntime/7.51.1\"","timestamp":"2026-03-02T08:25:57.951Z"}
{"level":"info","message":"Mongo db connected host is localhost","timestamp":"2026-03-02T08:29:06.500Z"}
{"level":"info","message":"Server running on port 3000","timestamp":"2026-03-02T08:29:06.507Z"}
{"level":"info","message":"::1 - - [02/Mar/2026:08:29:09 +0000] \"POST /api/user HTTP/1.1\" 200 556 \"-\" \"PostmanRuntime/7.51.1\"","timestamp":"2026-03-02T08:29:09.198Z"}
{"level":"info","message":"::1 - - [02/Mar/2026:08:31:36 +0000] \"GET /api/users/me/monthlyspending HTTP/1.1\" 401 54 \"-\" \"PostmanRuntime/7.51.1\"","timestamp":"2026-03-02T08:31:36.572Z"}
{"level":"info","message":"::1 - - [02/Mar/2026:08:32:26 +0000] \"GET /api/users/me/monthlyspending HTTP/1.1\" 401 54 \"-\" \"PostmanRuntime/7.51.1\"","timestamp":"2026-03-02T08:32:26.209Z"}
{"level":"info","message":"Mongo db connected host is localhost","timestamp":"2026-03-02T08:34:25.924Z"}
{"level":"info","message":"Server running on port 3000","timestamp":"2026-03-02T08:34:25.936Z"}
{"level":"error","message":"user is not defined","method":"GET","path":"/api/users/me/monthlyspending","stack":"ReferenceError: user is not defined\n    at UserAnalyticsServices.getMonthlySpending (E:\\ems\\src\\services\\user.services.js:85:61)\n    at E:\\ems\\src\\controllers\\user.controller.js:130:54\n    at E:\\ems\\src\\utils\\asyncHandler.js:10:25\n    at Layer.handleRequest (E:\\ems\\node_modules\\router\\lib\\layer.js:152:17)\n    at next (E:\\ems\\node_modules\\router\\lib\\route.js:157:13)\n    at protect (E:\\ems\\src\\middleware\\auth.middleware.js:45:9)\n    at process.processTicksAndRejections (node:internal/process/task_queues:95:5)","statusCode":500,"timestamp":"2026-03-02T08:34:36.225Z"}
{"level":"info","message":"::1 - - [02/Mar/2026:08:34:36 +0000] \"GET /api/users/me/monthlyspending HTTP/1.1\" 500 50 \"-\" \"PostmanRuntime/7.51.1\"","timestamp":"2026-03-02T08:34:36.243Z"}
{"level":"info","message":"Mongo db connected host is localhost","timestamp":"2026-03-02T08:37:18.764Z"}
{"level":"info","message":"Server running on port 3000","timestamp":"2026-03-02T08:37:18.775Z"}
{"level":"error","message":"user is not defined","method":"GET","path":"/api/users/me/monthlyspending","stack":"ReferenceError: user is not defined\n    at UserAnalyticsServices.getMonthlySpending (E:\\ems\\src\\services\\user.services.js:85:61)\n    at E:\\ems\\src\\controllers\\user.controller.js:130:54\n    at E:\\ems\\src\\utils\\asyncHandler.js:10:25\n    at Layer.handleRequest (E:\\ems\\node_modules\\router\\lib\\layer.js:152:17)\n    at next (E:\\ems\\node_modules\\router\\lib\\route.js:157:13)\n    at protect (E:\\ems\\src\\middleware\\auth.middleware.js:45:9)\n    at process.processTicksAndRejections (node:internal/process/task_queues:95:5)","statusCode":500,"timestamp":"2026-03-02T08:37:22.497Z"}
{"level":"info","message":"::1 - - [02/Mar/2026:08:37:22 +0000] \"GET /api/users/me/monthlyspending HTTP/1.1\" 500 50 \"-\" \"PostmanRuntime/7.51.1\"","timestamp":"2026-03-02T08:37:22.520Z"}
{"level":"info","message":"Mongo db connected host is localhost","timestamp":"2026-03-02T08:39:05.168Z"}
{"level":"info","message":"Server running on port 3000","timestamp":"2026-03-02T08:39:05.179Z"}
{"level":"error","message":"user is not defined","method":"GET","path":"/api/users/me/monthlyspending","stack":"ReferenceError: user is not defined\n    at UserAnalyticsServices.getMonthlySpending (E:\\ems\\src\\services\\user.services.js:85:61)\n    at E:\\ems\\src\\controllers\\user.controller.js:132:54\n    at E:\\ems\\src\\utils\\asyncHandler.js:10:25\n    at Layer.handleRequest (E:\\ems\\node_modules\\router\\lib\\layer.js:152:17)\n    at next (E:\\ems\\node_modules\\router\\lib\\route.js:157:13)\n    at protect (E:\\ems\\src\\middleware\\auth.middleware.js:45:9)\n    at process.processTicksAndRejections (node:internal/process/task_queues:95:5)","statusCode":500,"timestamp":"2026-03-02T08:39:08.190Z"}
{"level":"info","message":"::1 - - [02/Mar/2026:08:39:08 +0000] \"GET /api/users/me/monthlyspending HTTP/1.1\" 500 50 \"-\" \"PostmanRuntime/7.51.1\"","timestamp":"2026-03-02T08:39:08.209Z"}
{"level":"info","message":"Mongo db connected host is localhost","timestamp":"2026-03-02T09:00:30.077Z"}
{"level":"info","message":"Server running on port 3000","timestamp":"2026-03-02T09:00:30.087Z"}
{"level":"error","message":"user is not defined","method":"GET","path":"/api/users/me/monthlyspending","stack":"ReferenceError: user is not defined\n    at UserAnalyticsServices.getMonthlySpending (E:\\ems\\src\\services\\user.services.js:85:61)\n    at E:\\ems\\src\\controllers\\user.controller.js:132:54\n    at E:\\ems\\src\\utils\\asyncHandler.js:10:25\n    at Layer.handleRequest (E:\\ems\\node_modules\\router\\lib\\layer.js:152:17)\n    at next (E:\\ems\\node_modules\\router\\lib\\route.js:157:13)\n    at protect (E:\\ems\\src\\middleware\\auth.middleware.js:45:9)\n    at process.processTicksAndRejections (node:internal/process/task_queues:95:5)","statusCode":500,"timestamp":"2026-03-02T09:00:32.870Z"}
{"level":"info","message":"::1 - - [02/Mar/2026:09:00:32 +0000] \"GET /api/users/me/monthlyspending HTTP/1.1\" 500 50 \"-\" \"PostmanRuntime/7.51.1\"","timestamp":"2026-03-02T09:00:32.900Z"}
{"level":"info","message":"Mongo db connected host is localhost","timestamp":"2026-03-02T09:03:36.094Z"}
{"level":"info","message":"Server running on port 3000","timestamp":"2026-03-02T09:03:36.107Z"}
{"level":"info","message":"::1 - - [02/Mar/2026:09:03:39 +0000] \"GET /api/users/me/monthlyspending HTTP/1.1\" 200 30 \"-\" \"PostmanRuntime/7.51.1\"","timestamp":"2026-03-02T09:03:39.071Z"}
{"level":"info","message":"Mongo db connected host is localhost","timestamp":"2026-03-02T10:09:29.263Z"}
{"level":"info","message":"Server running on port 3000","timestamp":"2026-03-02T10:09:29.274Z"}
{"level":"info","message":"Mongo db connected host is localhost","timestamp":"2026-03-02T10:14:53.849Z"}
{"level":"info","message":"Server running on port 3000","timestamp":"2026-03-02T10:14:53.860Z"}
{"level":"info","message":"::1 - - [02/Mar/2026:10:14:57 +0000] \"GET /api/users/me/budgetvsactual HTTP/1.1\" 401 54 \"-\" \"PostmanRuntime/7.51.1\"","timestamp":"2026-03-02T10:14:57.691Z"}
{"level":"info","message":"::1 - - [02/Mar/2026:10:15:22 +0000] \"POST /api/user HTTP/1.1\" 200 556 \"-\" \"PostmanRuntime/7.51.1\"","timestamp":"2026-03-02T10:15:22.205Z"}
{"level":"error","message":"UserAnalytics.getBudgetVsActual is not a function","method":"GET","path":"/api/users/me/budgetvsactual","stack":"TypeError: UserAnalytics.getBudgetVsActual is not a function\n    at UserAnalyticsServices.getBudgetVsActual (E:\\ems\\src\\services\\user.services.js:89:46)\n    at E:\\ems\\src\\controllers\\user.controller.js:139:54\n    at E:\\ems\\src\\utils\\asyncHandler.js:10:25\n    at Layer.handleRequest (E:\\ems\\node_modules\\router\\lib\\layer.js:152:17)\n    at next (E:\\ems\\node_modules\\router\\lib\\route.js:157:13)\n    at protect (E:\\ems\\src\\middleware\\auth.middleware.js:45:9)\n    at process.processTicksAndRejections (node:internal/process/task_queues:95:5)","statusCode":500,"timestamp":"2026-03-02T10:15:47.917Z"}
{"level":"info","message":"::1 - - [02/Mar/2026:10:15:47 +0000] \"GET /api/users/me/budgetvsactual HTTP/1.1\" 500 80 \"-\" \"PostmanRuntime/7.51.1\"","timestamp":"2026-03-02T10:15:47.922Z"}
{"level":"info","message":"Mongo db connected host is localhost","timestamp":"2026-03-02T10:16:45.551Z"}
{"level":"info","message":"Server running on port 3000","timestamp":"2026-03-02T10:16:45.564Z"}
{"level":"error","message":"UserAnalytics.getBudgetVsActual is not a function","method":"GET","path":"/api/users/me/budgetvsactual","stack":"TypeError: UserAnalytics.getBudgetVsActual is not a function\n    at UserAnalyticsServices.getBudgetVsActual (E:\\ems\\src\\services\\user.services.js:89:46)\n    at E:\\ems\\src\\controllers\\user.controller.js:139:54\n    at E:\\ems\\src\\utils\\asyncHandler.js:10:25\n    at Layer.handleRequest (E:\\ems\\node_modules\\router\\lib\\layer.js:152:17)\n    at next (E:\\ems\\node_modules\\router\\lib\\route.js:157:13)\n    at protect (E:\\ems\\src\\middleware\\auth.middleware.js:45:9)\n    at process.processTicksAndRejections (node:internal/process/task_queues:95:5)","statusCode":500,"timestamp":"2026-03-02T10:16:51.230Z"}
{"level":"info","message":"::1 - - [02/Mar/2026:10:16:51 +0000] \"GET /api/users/me/budgetvsactual HTTP/1.1\" 500 80 \"-\" \"PostmanRuntime/7.51.1\"","timestamp":"2026-03-02T10:16:51.246Z"}
{"level":"info","message":"Mongo db connected host is localhost","timestamp":"2026-03-02T10:17:35.491Z"}
{"level":"info","message":"Server running on port 3000","timestamp":"2026-03-02T10:17:35.502Z"}
{"level":"error","message":"UserAnalytics.getBudgetVsActual is not a function","method":"GET","path":"/api/users/me/budgetvsactual","stack":"TypeError: UserAnalytics.getBudgetVsActual is not a function\n    at UserAnalyticsServices.getBudgetVsActual (E:\\ems\\src\\services\\user.services.js:89:46)\n    at E:\\ems\\src\\controllers\\user.controller.js:139:54\n    at E:\\ems\\src\\utils\\asyncHandler.js:10:25\n    at Layer.handleRequest (E:\\ems\\node_modules\\router\\lib\\layer.js:152:17)\n    at next (E:\\ems\\node_modules\\router\\lib\\route.js:157:13)\n    at protect (E:\\ems\\src\\middleware\\auth.middleware.js:45:9)\n    at process.processTicksAndRejections (node:internal/process/task_queues:95:5)","statusCode":500,"timestamp":"2026-03-02T10:17:38.475Z"}
{"level":"info","message":"::1 - - [02/Mar/2026:10:17:38 +0000] \"GET /api/users/me/budgetvsactual HTTP/1.1\" 500 80 \"-\" \"PostmanRuntime/7.51.1\"","timestamp":"2026-03-02T10:17:38.496Z"}
{"level":"info","message":"Mongo db connected host is localhost","timestamp":"2026-03-02T10:18:23.344Z"}
{"level":"info","message":"Server running on port 3000","timestamp":"2026-03-02T10:18:23.356Z"}
{"level":"info","message":"Mongo db connected host is localhost","timestamp":"2026-03-02T10:18:48.212Z"}
{"level":"info","message":"Server running on port 3000","timestamp":"2026-03-02T10:18:48.220Z"}
{"level":"error","message":"mongoose is not defined","method":"GET","path":"/api/users/me/budgetvsactual","stack":"ReferenceError: mongoose is not defined\n    at UserAnalytics.getBudgetVsActual (E:\\ems\\src\\repositories\\user.repository.js:83:34)\n    at UserAnalyticsServices.getBudgetVsActual (E:\\ems\\src\\services\\user.services.js:89:46)\n    at E:\\ems\\src\\controllers\\user.controller.js:139:54\n    at E:\\ems\\src\\utils\\asyncHandler.js:10:25\n    at Layer.handleRequest (E:\\ems\\node_modules\\router\\lib\\layer.js:152:17)\n    at next (E:\\ems\\node_modules\\router\\lib\\route.js:157:13)\n    at protect (E:\\ems\\src\\middleware\\auth.middleware.js:45:9)\n    at process.processTicksAndRejections (node:internal/process/task_queues:95:5)","statusCode":500,"timestamp":"2026-03-02T10:18:51.543Z"}
{"level":"info","message":"::1 - - [02/Mar/2026:10:18:51 +0000] \"GET /api/users/me/budgetvsactual HTTP/1.1\" 500 54 \"-\" \"PostmanRuntime/7.51.1\"","timestamp":"2026-03-02T10:18:51.561Z"}
{"level":"info","message":"Mongo db connected host is localhost","timestamp":"2026-03-02T10:20:02.164Z"}
{"level":"info","message":"Server running on port 3000","timestamp":"2026-03-02T10:20:02.203Z"}
{"level":"info","message":"::1 - - [02/Mar/2026:10:20:31 +0000] \"GET /api/users/me/budgetvsactual HTTP/1.1\" 200 20 \"-\" \"PostmanRuntime/7.51.1\"","timestamp":"2026-03-02T10:20:31.719Z"}
{"level":"info","message":"Mongo db connected host is localhost","timestamp":"2026-03-02T10:21:48.315Z"}
{"level":"info","message":"Server running on port 3000","timestamp":"2026-03-02T10:21:48.319Z"}
{"level":"info","message":"::1 - - [02/Mar/2026:10:21:53 +0000] \"GET /api/users/me/budgetvsactual HTTP/1.1\" 200 30 \"-\" \"PostmanRuntime/7.51.1\"","timestamp":"2026-03-02T10:21:53.543Z"}
{"level":"info","message":"Mongo db connected host is localhost","timestamp":"2026-03-02T10:40:36.977Z"}
{"level":"info","message":"Server running on port 3000","timestamp":"2026-03-02T10:40:36.981Z"}
{"level":"info","message":"Mongo db connected host is localhost","timestamp":"2026-03-02T10:50:38.363Z"}
{"level":"info","message":"Server running on port 3000","timestamp":"2026-03-02T10:50:38.367Z"}
{"level":"info","message":"Mongo db connected host is localhost","timestamp":"2026-03-02T10:53:59.783Z"}
{"level":"info","message":"Server running on port 3000","timestamp":"2026-03-02T10:53:59.789Z"}
{"level":"info","message":"Mongo db connected host is localhost","timestamp":"2026-03-02T10:54:53.472Z"}
{"level":"info","message":"Server running on port 3000","timestamp":"2026-03-02T10:54:53.476Z"}
{"level":"info","message":"Mongo db connected host is localhost","timestamp":"2026-03-02T10:59:27.617Z"}
{"level":"info","message":"Server running on port 3000","timestamp":"2026-03-02T10:59:27.620Z"}
{"level":"info","message":"::1 - - [02/Mar/2026:11:02:33 +0000] \"GET /api/users/me/catwisespending HTTP/1.1\" 404 167 \"-\" \"PostmanRuntime/7.51.1\"","timestamp":"2026-03-02T11:02:33.338Z"}
{"level":"info","message":"Mongo db connected host is localhost","timestamp":"2026-03-02T11:03:24.267Z"}
{"level":"info","message":"Server running on port 3000","timestamp":"2026-03-02T11:03:24.271Z"}
{"level":"info","message":"::1 - - [02/Mar/2026:11:03:26 +0000] \"GET /api/users/me/catwisespending HTTP/1.1\" 200 30 \"-\" \"PostmanRuntime/7.51.1\"","timestamp":"2026-03-02T11:03:26.716Z"}
{"level":"info","message":"::1 - - [02/Mar/2026:11:03:43 +0000] \"GET /api/users/me/topexpenses HTTP/1.1\" 200 30 \"-\" \"PostmanRuntime/7.51.1\"","timestamp":"2026-03-02T11:03:43.571Z"}
{"level":"error","message":"ownerId is not defined","method":"GET","path":"/api/users/me/lastexpenses","stack":"ReferenceError: ownerId is not defined\n    at UserAnalytics.getLast7DaysSpending (E:\\ems\\src\\repositories\\user.repository.js:186:52)\n    at UserAnalyticsServices.getLast7DaysSpending (E:\\ems\\src\\services\\user.services.js:101:46)\n    at E:\\ems\\src\\controllers\\user.controller.js:154:54\n    at E:\\ems\\src\\utils\\asyncHandler.js:10:25\n    at Layer.handleRequest (E:\\ems\\node_modules\\router\\lib\\layer.js:152:17)\n    at next (E:\\ems\\node_modules\\router\\lib\\route.js:157:13)\n    at protect (E:\\ems\\src\\middleware\\auth.middleware.js:45:9)\n    at process.processTicksAndRejections (node:internal/process/task_queues:95:5)","statusCode":500,"timestamp":"2026-03-02T11:03:55.141Z"}
{"level":"info","message":"::1 - - [02/Mar/2026:11:03:55 +0000] \"GET /api/users/me/lastexpenses HTTP/1.1\" 500 53 \"-\" \"PostmanRuntime/7.51.1\"","timestamp":"2026-03-02T11:03:55.143Z"}
{"level":"info","message":"Mongo db connected host is localhost","timestamp":"2026-03-02T11:05:01.271Z"}
{"level":"info","message":"Server running on port 3000","timestamp":"2026-03-02T11:05:01.275Z"}
{"level":"info","message":"Mongo db connected host is localhost","timestamp":"2026-03-02T11:05:16.146Z"}
{"level":"info","message":"Server running on port 3000","timestamp":"2026-03-02T11:05:16.150Z"}
{"level":"info","message":"Mongo db connected host is localhost","timestamp":"2026-03-02T11:05:39.690Z"}
{"level":"info","message":"Server running on port 3000","timestamp":"2026-03-02T11:05:39.694Z"}
{"level":"info","message":"::1 - - [02/Mar/2026:11:05:43 +0000] \"GET /api/users/me/lastexpenses HTTP/1.1\" 200 30 \"-\" \"PostmanRuntime/7.51.1\"","timestamp":"2026-03-02T11:05:43.578Z"}
{"level":"info","message":"::1 - - [02/Mar/2026:11:06:04 +0000] \"GET /api/users/me/avgdailyspending HTTP/1.1\" 200 30 \"-\" \"PostmanRuntime/7.51.1\"","timestamp":"2026-03-02T11:06:04.116Z"}
{"level":"info","message":"Mongo db connected host is localhost","timestamp":"2026-03-02T11:25:16.310Z"}
{"level":"info","message":"Server running on port 3000","timestamp":"2026-03-02T11:25:16.314Z"}
{"level":"info","message":"Mongo db connected host is localhost","timestamp":"2026-03-02T15:39:57.987Z"}
{"level":"info","message":"Server running on port 3000","timestamp":"2026-03-02T15:39:57.995Z"}
{"level":"error","message":"Invalid credentials","method":"POST","path":"/api/user","stack":"Error: Invalid credentials\n    at UserServices.loginUser (E:\\ems\\src\\services\\user.services.js:35:19)\n    at process.processTicksAndRejections (node:internal/process/task_queues:95:5)\n    at async E:\\ems\\src\\controllers\\user.controller.js:36:22","statusCode":401,"timestamp":"2026-03-02T15:40:04.568Z"}
{"level":"info","message":"::1 - - [02/Mar/2026:15:40:04 +0000] \"POST /api/user HTTP/1.1\" 401 50 \"-\" \"PostmanRuntime/7.51.1\"","timestamp":"2026-03-02T15:40:04.584Z"}
{"level":"error","message":"Invalid credentials","method":"POST","path":"/api/user","stack":"Error: Invalid credentials\n    at UserServices.loginUser (E:\\ems\\src\\services\\user.services.js:35:19)\n    at process.processTicksAndRejections (node:internal/process/task_queues:95:5)\n    at async E:\\ems\\src\\controllers\\user.controller.js:36:22","statusCode":401,"timestamp":"2026-03-02T15:40:10.918Z"}
{"level":"info","message":"::1 - - [02/Mar/2026:15:40:10 +0000] \"POST /api/user HTTP/1.1\" 401 50 \"-\" \"PostmanRuntime/7.51.1\"","timestamp":"2026-03-02T15:40:10.922Z"}
{"level":"info","message":"::1 - - [02/Mar/2026:15:44:29 +0000] \"POST /api/user HTTP/1.1\" 200 624 \"-\" \"PostmanRuntime/7.51.1\"","timestamp":"2026-03-02T15:44:29.069Z"}
{"level":"info","message":"Mongo db connected host is localhost","timestamp":"2026-03-02T15:47:22.465Z"}
{"level":"info","message":"Server running on port 3000","timestamp":"2026-03-02T15:47:22.475Z"}
{"level":"error","message":"Cast to ObjectId failed for value \"orgDashboard\" (type string) at path \"_id\" for model \"Organization\"","method":"GET","path":"/api/orgs/orgDashboard","stack":"CastError: Cast to ObjectId failed for value \"orgDashboard\" (type string) at path \"_id\" for model \"Organization\"\n    at SchemaObjectId.cast (E:\\ems\\node_modules\\mongoose\\lib\\schema\\objectId.js:253:11)\n    at SchemaType.applySetters (E:\\ems\\node_modules\\mongoose\\lib\\schemaType.js:1288:12)\n    at SchemaType.castForQuery (E:\\ems\\node_modules\\mongoose\\lib\\schemaType.js:1724:17)\n    at cast (E:\\ems\\node_modules\\mongoose\\lib\\cast.js:390:32)\n    at Query.cast (E:\\ems\\node_modules\\mongoose\\lib\\query.js:5060:12)\n    at Query._castConditions (E:\\ems\\node_modules\\mongoose\\lib\\query.js:2374:10)\n    at model.Query._findOne (E:\\ems\\node_modules\\mongoose\\lib\\query.js:2697:8)\n    at model.Query.exec (E:\\ems\\node_modules\\mongoose\\lib\\query.js:4627:80)\n    at process.processTicksAndRejections (node:internal/process/task_queues:95:5)\n    at async OrgsRepository.getOne (E:\\ems\\src\\repositories\\orgs.repository.js:15:21)","statusCode":500,"timestamp":"2026-03-02T15:47:34.418Z"}
{"level":"info","message":"::1 - - [02/Mar/2026:15:47:34 +0000] \"GET /api/orgs/orgDashboard HTTP/1.1\" 500 138 \"-\" \"PostmanRuntime/7.51.1\"","timestamp":"2026-03-02T15:47:34.438Z"}
{"level":"info","message":"Mongo db connected host is localhost","timestamp":"2026-03-02T15:48:42.718Z"}
{"level":"info","message":"Server running on port 3000","timestamp":"2026-03-02T15:48:42.727Z"}
{"level":"error","message":"Cast to ObjectId failed for value \"orgDashboard\" (type string) at path \"_id\" for model \"Organization\"","method":"GET","path":"/api/orgs/orgDashboard","stack":"CastError: Cast to ObjectId failed for value \"orgDashboard\" (type string) at path \"_id\" for model \"Organization\"\n    at SchemaObjectId.cast (E:\\ems\\node_modules\\mongoose\\lib\\schema\\objectId.js:253:11)\n    at SchemaType.applySetters (E:\\ems\\node_modules\\mongoose\\lib\\schemaType.js:1288:12)\n    at SchemaType.castForQuery (E:\\ems\\node_modules\\mongoose\\lib\\schemaType.js:1724:17)\n    at cast (E:\\ems\\node_modules\\mongoose\\lib\\cast.js:390:32)\n    at Query.cast (E:\\ems\\node_modules\\mongoose\\lib\\query.js:5060:12)\n    at Query._castConditions (E:\\ems\\node_modules\\mongoose\\lib\\query.js:2374:10)\n    at model.Query._findOne (E:\\ems\\node_modules\\mongoose\\lib\\query.js:2697:8)\n    at model.Query.exec (E:\\ems\\node_modules\\mongoose\\lib\\query.js:4627:80)\n    at process.processTicksAndRejections (node:internal/process/task_queues:95:5)\n    at async OrgsRepository.getOne (E:\\ems\\src\\repositories\\orgs.repository.js:15:21)","statusCode":500,"timestamp":"2026-03-02T15:48:46.446Z"}
{"level":"info","message":"::1 - - [02/Mar/2026:15:48:46 +0000] \"GET /api/orgs/orgDashboard HTTP/1.1\" 500 138 \"-\" \"PostmanRuntime/7.51.1\"","timestamp":"2026-03-02T15:48:46.466Z"}
{"level":"info","message":"Mongo db connected host is localhost","timestamp":"2026-03-02T15:51:56.576Z"}
{"level":"info","message":"Server running on port 3000","timestamp":"2026-03-02T15:51:56.585Z"}
{"level":"info","message":"::1 - - [02/Mar/2026:15:52:07 +0000] \"GET /api/orgs/orgDashboard HTTP/1.1\" 200 142 \"-\" \"PostmanRuntime/7.51.1\"","timestamp":"2026-03-02T15:52:07.113Z"}
{"level":"info","message":"Mongo db connected host is localhost","timestamp":"2026-03-02T16:09:52.273Z"}
{"level":"info","message":"Server running on port 3000","timestamp":"2026-03-02T16:09:52.284Z"}
{"level":"info","message":"Mongo db connected host is localhost","timestamp":"2026-03-02T16:12:06.165Z"}
{"level":"info","message":"Server running on port 3000","timestamp":"2026-03-02T16:12:06.178Z"}
{"level":"info","message":"Mongo db connected host is localhost","timestamp":"2026-03-02T16:15:01.643Z"}
{"level":"info","message":"Server running on port 3000","timestamp":"2026-03-02T16:15:01.654Z"}
{"level":"info","message":"Mongo db connected host is localhost","timestamp":"2026-03-02T16:16:45.777Z"}
{"level":"info","message":"Server running on port 3000","timestamp":"2026-03-02T16:16:45.789Z"}
{"level":"info","message":"::1 - - [02/Mar/2026:16:17:54 +0000] \"GET /api/budgets/budgetDashboard HTTP/1.1\" 200 30 \"-\" \"PostmanRuntime/7.51.1\"","timestamp":"2026-03-02T16:17:54.810Z"}
{"level":"info","message":"Mongo db connected host is localhost","timestamp":"2026-03-02T16:27:33.941Z"}
{"level":"info","message":"Server running on port 3000","timestamp":"2026-03-02T16:27:33.954Z"}
{"level":"info","message":"Mongo db connected host is localhost","timestamp":"2026-03-02T16:28:58.012Z"}
{"level":"info","message":"Server running on port 3000","timestamp":"2026-03-02T16:28:58.024Z"}
{"level":"info","message":"Mongo db connected host is localhost","timestamp":"2026-03-02T16:31:21.744Z"}
{"level":"info","message":"Server running on port 3000","timestamp":"2026-03-02T16:31:21.754Z"}
{"level":"info","message":"Mongo db connected host is localhost","timestamp":"2026-03-02T16:31:36.806Z"}
{"level":"info","message":"Server running on port 3000","timestamp":"2026-03-02T16:31:36.815Z"}
{"level":"info","message":"Mongo db connected host is localhost","timestamp":"2026-03-02T16:33:20.519Z"}
{"level":"info","message":"Server running on port 3000","timestamp":"2026-03-02T16:33:20.539Z"}
{"level":"info","message":"::1 - - [02/Mar/2026:16:50:33 +0000] \"GET /api/users/me/monthlyspending HTTP/1.1\" 401 54 \"-\" \"PostmanRuntime/7.51.1\"","timestamp":"2026-03-02T16:50:33.796Z"}
{"level":"info","message":"Mongo db connected host is localhost","timestamp":"2026-03-03T03:39:11.994Z"}
{"level":"info","message":"Server running on port 3000","timestamp":"2026-03-03T03:39:11.998Z"}
{"level":"info","message":"::1 - - [03/Mar/2026:03:39:15 +0000] \"POST /api/budgets HTTP/1.1\" 401 54 \"-\" \"PostmanRuntime/7.51.1\"","timestamp":"2026-03-03T03:39:15.732Z"}
{"level":"info","message":"::1 - - [03/Mar/2026:03:40:08 +0000] \"POST /api/user HTTP/1.1\" 200 556 \"-\" \"PostmanRuntime/7.51.1\"","timestamp":"2026-03-03T03:40:08.553Z"}
{"level":"error","message":"Budget for this month already exist you can only update it","method":"POST","path":"/api/budgets","stack":"Error: Budget for this month already exist you can only update it\n    at BudgetRepo.setBudget (E:\\ems\\src\\repositories\\budget.repository.js:13:19)\n    at process.processTicksAndRejections (node:internal/process/task_queues:95:5)\n    at async BudgetService.setBudget (E:\\ems\\src\\services\\budget.services.js:5:28)\n    at async E:\\ems\\src\\controllers\\budget.controller.js:8:26","statusCode":401,"timestamp":"2026-03-03T03:41:02.010Z"}
{"level":"info","message":"::1 - - [03/Mar/2026:03:41:02 +0000] \"POST /api/budgets HTTP/1.1\" 401 89 \"-\" \"PostmanRuntime/7.51.1\"","timestamp":"2026-03-03T03:41:02.012Z"}
{"level":"info","message":"Mongo db connected host is localhost","timestamp":"2026-03-03T03:50:11.683Z"}
{"level":"info","message":"Server running on port 3000","timestamp":"2026-03-03T03:50:11.688Z"}
{"level":"info","message":"::1 - - [03/Mar/2026:03:50:32 +0000] \"GET /api/users/me/monthlyspending HTTP/1.1\" 401 54 \"-\" \"PostmanRuntime/7.51.1\"","timestamp":"2026-03-03T03:50:32.522Z"}
{"level":"info","message":"::1 - - [03/Mar/2026:03:51:05 +0000] \"GET /api/users/me/monthlyspending HTTP/1.1\" 200 30 \"-\" \"PostmanRuntime/7.51.1\"","timestamp":"2026-03-03T03:51:05.246Z"}
{"level":"info","message":"::1 - - [03/Mar/2026:03:54:53 +0000] \"GET /api/users/me/monthlyspending HTTP/1.1\" 200 89 \"-\" \"PostmanRuntime/7.51.1\"","timestamp":"2026-03-03T03:54:53.922Z"}
{"level":"info","message":"::1 - - [03/Mar/2026:03:55:42 +0000] \"GET /api/users/me/monthlyspending HTTP/1.1\" 200 89 \"-\" \"PostmanRuntime/7.51.1\"","timestamp":"2026-03-03T03:55:42.329Z"}
{"level":"info","message":"::1 - - [03/Mar/2026:03:56:51 +0000] \"GET /api/users/me/monthlyspending HTTP/1.1\" 200 89 \"-\" \"PostmanRuntime/7.51.1\"","timestamp":"2026-03-03T03:56:51.737Z"}
{"level":"info","message":"Mongo db connected host is localhost","timestamp":"2026-03-03T04:01:15.831Z"}
{"level":"info","message":"Server running on port 3000","timestamp":"2026-03-03T04:01:15.837Z"}
{"level":"info","message":"Mongo db connected host is localhost","timestamp":"2026-03-03T04:02:19.249Z"}
{"level":"info","message":"Server running on port 3000","timestamp":"2026-03-03T04:02:19.253Z"}
{"level":"info","message":"Mongo db connected host is localhost","timestamp":"2026-03-03T04:03:45.928Z"}
{"level":"info","message":"Server running on port 3000","timestamp":"2026-03-03T04:03:45.932Z"}
{"level":"info","message":"Mongo db connected host is localhost","timestamp":"2026-03-03T04:05:55.514Z"}
{"level":"info","message":"Server running on port 3000","timestamp":"2026-03-03T04:05:55.518Z"}
{"level":"info","message":"Mongo db connected host is localhost","timestamp":"2026-03-03T04:06:17.557Z"}
{"level":"info","message":"Server running on port 3000","timestamp":"2026-03-03T04:06:17.560Z"}
{"level":"error","message":"Cannot destructure property 'month' of 'req.body' as it is undefined.","method":"GET","path":"/api/users/me/myDashboard","stack":"TypeError: Cannot destructure property 'month' of 'req.body' as it is undefined.\n    at E:\\ems\\src\\controllers\\user.controller.js:132:17\n    at E:\\ems\\src\\utils\\asyncHandler.js:10:25\n    at Layer.handleRequest (E:\\ems\\node_modules\\router\\lib\\layer.js:152:17)\n    at next (E:\\ems\\node_modules\\router\\lib\\route.js:157:13)\n    at protect (E:\\ems\\src\\middleware\\auth.middleware.js:45:9)\n    at process.processTicksAndRejections (node:internal/process/task_queues:95:5)","statusCode":500,"timestamp":"2026-03-03T04:06:39.163Z"}
{"level":"info","message":"::1 - - [03/Mar/2026:04:06:39 +0000] \"GET /api/users/me/myDashboard HTTP/1.1\" 500 100 \"-\" \"PostmanRuntime/7.51.1\"","timestamp":"2026-03-03T04:06:39.167Z"}
{"level":"info","message":"::1 - - [03/Mar/2026:04:07:46 +0000] \"GET /api/users/me/myDashboard HTTP/1.1\" 200 664 \"-\" \"PostmanRuntime/7.51.1\"","timestamp":"2026-03-03T04:07:46.978Z"}
{"level":"info","message":"::1 - - [03/Mar/2026:04:09:54 +0000] \"GET /api/users/me/myDashboard HTTP/1.1\" 200 664 \"-\" \"PostmanRuntime/7.51.1\"","timestamp":"2026-03-03T04:09:54.155Z"}
{"level":"info","message":"::1 - - [03/Mar/2026:04:10:52 +0000] \"GET /api/users/me/myDashboard HTTP/1.1\" 200 664 \"-\" \"PostmanRuntime/7.51.1\"","timestamp":"2026-03-03T04:10:52.897Z"}
{"level":"info","message":"Mongo db connected host is localhost","timestamp":"2026-03-03T04:12:17.295Z"}
{"level":"info","message":"Server running on port 3000","timestamp":"2026-03-03T04:12:17.298Z"}
{"level":"info","message":"::1 - - [03/Mar/2026:04:12:21 +0000] \"GET /api/users/me/myDashboard HTTP/1.1\" 200 664 \"-\" \"PostmanRuntime/7.51.1\"","timestamp":"2026-03-03T04:12:21.856Z"}
{"level":"info","message":"Mongo db connected host is localhost","timestamp":"2026-03-03T04:12:35.640Z"}
{"level":"info","message":"Server running on port 3000","timestamp":"2026-03-03T04:12:35.645Z"}
{"level":"info","message":"Mongo db connected host is localhost","timestamp":"2026-03-03T04:15:20.225Z"}
{"level":"info","message":"Server running on port 3000","timestamp":"2026-03-03T04:15:20.229Z"}
{"level":"info","message":"::1 - - [03/Mar/2026:04:15:50 +0000] \"GET /api/users/me/myDashboard HTTP/1.1\" 200 664 \"-\" \"PostmanRuntime/7.51.1\"","timestamp":"2026-03-03T04:15:50.067Z"}
{"level":"info","message":"::1 - - [03/Mar/2026:04:20:38 +0000] \"GET /api/users/me/myDashboard HTTP/1.1\" 200 664 \"-\" \"PostmanRuntime/7.51.1\"","timestamp":"2026-03-03T04:20:38.425Z"}
{"level":"info","message":"::1 - - [03/Mar/2026:04:24:22 +0000] \"GET /api/users/me/myDashboard HTTP/1.1\" 200 664 \"-\" \"PostmanRuntime/7.51.1\"","timestamp":"2026-03-03T04:24:22.462Z"}
{"level":"info","message":"Mongo db connected host is localhost","timestamp":"2026-03-03T04:27:55.275Z"}
{"level":"info","message":"Server running on port 3000","timestamp":"2026-03-03T04:27:55.280Z"}
{"level":"info","message":"::1 - - [03/Mar/2026:04:29:14 +0000] \"GET /api/users/me/myDashboard HTTP/1.1\" 200 711 \"-\" \"PostmanRuntime/7.51.1\"","timestamp":"2026-03-03T04:29:14.720Z"}
{"level":"info","message":"::1 - - [03/Mar/2026:04:34:52 +0000] \"GET /api/users/me/myDashboard HTTP/1.1\" 200 740 \"-\" \"PostmanRuntime/7.51.1\"","timestamp":"2026-03-03T04:34:52.084Z"}
{"level":"info","message":"Mongo db connected host is localhost","timestamp":"2026-03-03T04:39:51.293Z"}
{"level":"info","message":"Server running on port 3000","timestamp":"2026-03-03T04:39:51.297Z"}
{"level":"info","message":"::1 - - [03/Mar/2026:04:42:01 +0000] \"POST /api/users HTTP/1.1\" 200 699 \"-\" \"PostmanRuntime/7.51.1\"","timestamp":"2026-03-03T04:42:01.603Z"}
{"level":"info","message":"::1 - - [03/Mar/2026:04:43:18 +0000] \"POST /api/user HTTP/1.1\" 200 708 \"-\" \"PostmanRuntime/7.51.1\"","timestamp":"2026-03-03T04:43:18.967Z"}
{"level":"info","message":"::1 - - [03/Mar/2026:04:44:45 +0000] \"GET /api/orgs/orgDashboard HTTP/1.1\" 401 54 \"-\" \"PostmanRuntime/7.51.1\"","timestamp":"2026-03-03T04:44:45.456Z"}
{"level":"info","message":"::1 - - [03/Mar/2026:04:45:23 +0000] \"GET /api/orgs/orgDashboard HTTP/1.1\" 401 54 \"-\" \"PostmanRuntime/7.51.1\"","timestamp":"2026-03-03T04:45:23.114Z"}
{"level":"info","message":"::1 - - [03/Mar/2026:04:46:21 +0000] \"GET /api/orgs/orgDashboard HTTP/1.1\" 200 142 \"-\" \"PostmanRuntime/7.51.1\"","timestamp":"2026-03-03T04:46:21.078Z"}
{"level":"info","message":"::1 - - [03/Mar/2026:04:48:22 +0000] \"GET /api/orgs/orgDashboard HTTP/1.1\" 200 142 \"-\" \"PostmanRuntime/7.51.1\"","timestamp":"2026-03-03T04:48:22.188Z"}
{"level":"info","message":"::1 - - [03/Mar/2026:04:54:34 +0000] \"GET /api/orgs/orgDashboard HTTP/1.1\" 200 142 \"-\" \"PostmanRuntime/7.51.1\"","timestamp":"2026-03-03T04:54:34.874Z"}
{"level":"info","message":"::1 - - [03/Mar/2026:04:55:35 +0000] \"GET /api/orgs/orgDashboard HTTP/1.1\" 200 142 \"-\" \"PostmanRuntime/7.51.1\"","timestamp":"2026-03-03T04:55:35.094Z"}
{"level":"info","message":"::1 - - [03/Mar/2026:05:00:46 +0000] \"GET /api/orgs/orgDashboard HTTP/1.1\" 200 142 \"-\" \"PostmanRuntime/7.51.1\"","timestamp":"2026-03-03T05:00:46.393Z"}
{"level":"info","message":"::1 - - [03/Mar/2026:05:08:12 +0000] \"GET /api/orgs/orgDashboard HTTP/1.1\" 200 142 \"-\" \"PostmanRuntime/7.51.1\"","timestamp":"2026-03-03T05:08:12.415Z"}
{"level":"info","message":"::1 - - [03/Mar/2026:05:12:46 +0000] \"GET /api/orgs/orgDashboard HTTP/1.1\" 200 142 \"-\" \"PostmanRuntime/7.51.1\"","timestamp":"2026-03-03T05:12:46.196Z"}
{"level":"info","message":"Mongo db connected host is localhost","timestamp":"2026-03-03T05:14:48.650Z"}
{"level":"info","message":"Server running on port 3000","timestamp":"2026-03-03T05:14:48.655Z"}
{"level":"info","message":"::1 - - [03/Mar/2026:05:14:58 +0000] \"GET /api/orgs/orgDashboard HTTP/1.1\" 200 373 \"-\" \"PostmanRuntime/7.51.1\"","timestamp":"2026-03-03T05:14:58.313Z"}
{"level":"info","message":"::1 - - [03/Mar/2026:05:17:34 +0000] \"GET /api/orgs/orgDashboard HTTP/1.1\" 200 373 \"-\" \"PostmanRuntime/7.51.1\"","timestamp":"2026-03-03T05:17:34.344Z"}
{"level":"info","message":"Mongo db connected host is localhost","timestamp":"2026-03-03T06:22:26.298Z"}
{"level":"info","message":"Server running on port 3000","timestamp":"2026-03-03T06:22:26.308Z"}
{"level":"info","message":"::1 - - [03/Mar/2026:06:22:31 +0000] \"GET /api/orgs/orgDashboard HTTP/1.1\" 401 54 \"-\" \"PostmanRuntime/7.51.1\"","timestamp":"2026-03-03T06:22:31.753Z"}
{"level":"info","message":"::1 - - [03/Mar/2026:06:22:48 +0000] \"POST /api/user HTTP/1.1\" 200 708 \"-\" \"PostmanRuntime/7.51.1\"","timestamp":"2026-03-03T06:22:48.633Z"}
{"level":"info","message":"::1 - - [03/Mar/2026:06:23:25 +0000] \"GET /api/orgs/orgDashboard HTTP/1.1\" 200 373 \"-\" \"PostmanRuntime/7.51.1\"","timestamp":"2026-03-03T06:23:25.107Z"}
{"level":"info","message":"::1 - - [03/Mar/2026:06:38:17 +0000] \"GET /api/orgs/orgDashboard HTTP/1.1\" 200 503 \"-\" \"PostmanRuntime/7.51.1\"","timestamp":"2026-03-03T06:38:17.342Z"}
{"level":"info","message":"::1 - - [03/Mar/2026:06:38:55 +0000] \"GET /api/orgs/orgDashboard HTTP/1.1\" 200 565 \"-\" \"PostmanRuntime/7.51.1\"","timestamp":"2026-03-03T06:38:55.530Z"}
{"level":"info","message":"::1 - - [03/Mar/2026:06:40:09 +0000] \"GET /api/expenses/expenseDashboard HTTP/1.1\" 401 54 \"-\" \"PostmanRuntime/7.51.1\"","timestamp":"2026-03-03T06:40:09.677Z"}
{"level":"info","message":"::1 - - [03/Mar/2026:06:40:26 +0000] \"GET /api/expenses/expenseDashboard HTTP/1.1\" 200 139 \"-\" \"PostmanRuntime/7.51.1\"","timestamp":"2026-03-03T06:40:26.967Z"}
{"level":"info","message":"::1 - - [03/Mar/2026:06:40:56 +0000] \"GET /api/expenses/expenseDashboard HTTP/1.1\" 401 54 \"-\" \"PostmanRuntime/7.51.1\"","timestamp":"2026-03-03T06:40:56.891Z"}
{"level":"info","message":"::1 - - [03/Mar/2026:06:41:07 +0000] \"GET /api/expenses/expenseDashboard HTTP/1.1\" 200 139 \"-\" \"PostmanRuntime/7.51.1\"","timestamp":"2026-03-03T06:41:07.963Z"}
{"level":"info","message":"Mongo db connected host is localhost","timestamp":"2026-03-03T06:48:40.778Z"}
{"level":"info","message":"Server running on port 3000","timestamp":"2026-03-03T06:48:40.787Z"}
{"level":"error","message":"Argument passed in does not match the accepted types","method":"GET","path":"/api/expenses/expenseDashboard","stack":"BSONError: Argument passed in does not match the accepted types\n    at new ObjectId (E:\\ems\\node_modules\\bson\\lib\\bson.cjs:2542:19)\n    at E:\\ems\\src\\controllers\\expense.controller.js:71:24\n    at E:\\ems\\src\\utils\\asyncHandler.js:10:25\n    at Layer.handleRequest (E:\\ems\\node_modules\\router\\lib\\layer.js:152:17)\n    at next (E:\\ems\\node_modules\\router\\lib\\route.js:157:13)\n    at protect (E:\\ems\\src\\middleware\\auth.middleware.js:45:9)\n    at process.processTicksAndRejections (node:internal/process/task_queues:95:5)","statusCode":500,"timestamp":"2026-03-03T06:49:25.247Z"}
{"level":"info","message":"::1 - - [03/Mar/2026:06:49:25 +0000] \"GET /api/expenses/expenseDashboard HTTP/1.1\" 500 83 \"-\" \"PostmanRuntime/7.51.1\"","timestamp":"2026-03-03T06:49:25.267Z"}
{"level":"info","message":"Mongo db connected host is localhost","timestamp":"2026-03-03T06:51:15.605Z"}
{"level":"info","message":"Server running on port 3000","timestamp":"2026-03-03T06:51:15.614Z"}
{"level":"info","message":"::1 - - [03/Mar/2026:06:51:20 +0000] \"GET /api/expenses/expenseDashboard HTTP/1.1\" 200 139 \"-\" \"PostmanRuntime/7.51.1\"","timestamp":"2026-03-03T06:51:20.026Z"}
{"level":"info","message":"Mongo db connected host is localhost","timestamp":"2026-03-03T06:52:25.239Z"}
{"level":"info","message":"Server running on port 3000","timestamp":"2026-03-03T06:52:25.249Z"}
{"level":"info","message":"::1 - - [03/Mar/2026:06:52:28 +0000] \"GET /api/expenses/expenseDashboard HTTP/1.1\" 200 139 \"-\" \"PostmanRuntime/7.51.1\"","timestamp":"2026-03-03T06:52:28.058Z"}
{"level":"info","message":"Mongo db connected host is localhost","timestamp":"2026-03-03T07:03:34.842Z"}
{"level":"info","message":"Server running on port 3000","timestamp":"2026-03-03T07:03:34.851Z"}
{"level":"info","message":"::1 - - [03/Mar/2026:07:03:46 +0000] \"GET /api/expenses/expenseDashboard HTTP/1.1\" 200 10133 \"-\" \"PostmanRuntime/7.51.1\"","timestamp":"2026-03-03T07:03:46.610Z"}
{"level":"info","message":"Mongo db connected host is localhost","timestamp":"2026-03-03T07:07:19.060Z"}
{"level":"info","message":"Server running on port 3000","timestamp":"2026-03-03T07:07:19.073Z"}
{"level":"info","message":"Mongo db connected host is localhost","timestamp":"2026-03-03T07:09:16.929Z"}
{"level":"info","message":"Server running on port 3000","timestamp":"2026-03-03T07:09:16.947Z"}
{"level":"info","message":"::1 - - [03/Mar/2026:07:09:56 +0000] \"GET /api/budgets/budgetDashboard HTTP/1.1\" 200 30 \"-\" \"PostmanRuntime/7.51.1\"","timestamp":"2026-03-03T07:09:56.971Z"}
{"level":"info","message":"Mongo db connected host is localhost","timestamp":"2026-03-03T07:11:50.026Z"}
{"level":"info","message":"Server running on port 3000","timestamp":"2026-03-03T07:11:50.038Z"}
{"level":"info","message":"::1 - - [03/Mar/2026:07:11:55 +0000] \"GET /api/budgets/budgetDashboard HTTP/1.1\" 200 30 \"-\" \"PostmanRuntime/7.51.1\"","timestamp":"2026-03-03T07:11:55.841Z"}
{"level":"info","message":"::1 - - [03/Mar/2026:07:14:20 +0000] \"POST /api/budgets HTTP/1.1\" 201 196 \"-\" \"PostmanRuntime/7.51.1\"","timestamp":"2026-03-03T07:14:20.318Z"}
{"level":"info","message":"::1 - - [03/Mar/2026:07:14:43 +0000] \"GET /api/budgets/budgetDashboard HTTP/1.1\" 200 253 \"-\" \"PostmanRuntime/7.51.1\"","timestamp":"2026-03-03T07:14:43.860Z"}
{"level":"error","message":"Budget for this month already exist you can only update it","method":"POST","path":"/api/budgets","stack":"Error: Budget for this month already exist you can only update it\n    at BudgetRepo.setBudget (E:\\ems\\src\\repositories\\budget.repository.js:14:19)\n    at process.processTicksAndRejections (node:internal/process/task_queues:95:5)\n    at async BudgetService.setBudget (E:\\ems\\src\\services\\budget.services.js:5:28)\n    at async E:\\ems\\src\\controllers\\budget.controller.js:8:26","statusCode":401,"timestamp":"2026-03-03T07:16:03.817Z"}
{"level":"info","message":"::1 - - [03/Mar/2026:07:16:03 +0000] \"POST /api/budgets HTTP/1.1\" 401 89 \"-\" \"PostmanRuntime/7.51.1\"","timestamp":"2026-03-03T07:16:03.939Z"}
{"level":"info","message":"Mongo db connected host is localhost","timestamp":"2026-03-03T07:30:30.030Z"}
{"level":"info","message":"Server running on port 3000","timestamp":"2026-03-03T07:30:30.042Z"}
{"level":"info","message":"::1 - - [03/Mar/2026:07:30:40 +0000] \"GET /api/budgets/budgetDashboard HTTP/1.1\" 401 54 \"-\" \"PostmanRuntime/7.51.1\"","timestamp":"2026-03-03T07:30:40.407Z"}
{"level":"info","message":"Mongo db connected host is localhost","timestamp":"2026-03-03T07:31:35.532Z"}
{"level":"info","message":"Server running on port 3000","timestamp":"2026-03-03T07:31:35.541Z"}
{"level":"error","message":"Cannot read properties of undefined (reading 'ownerType')","method":"GET","path":"/api/budgets/budgetDashboard","stack":"TypeError: Cannot read properties of undefined (reading 'ownerType')\n    at E:\\ems\\src\\controllers\\budget.controller.js:26:44\n    at E:\\ems\\src\\utils\\asyncHandler.js:10:25\n    at Layer.handleRequest (E:\\ems\\node_modules\\router\\lib\\layer.js:152:17)\n    at next (E:\\ems\\node_modules\\router\\lib\\route.js:157:13)\n    at Route.dispatch (E:\\ems\\node_modules\\router\\lib\\route.js:117:3)\n    at handle (E:\\ems\\node_modules\\router\\index.js:435:11)\n    at Layer.handleRequest (E:\\ems\\node_modules\\router\\lib\\layer.js:152:17)\n    at E:\\ems\\node_modules\\router\\index.js:295:15\n    at processParams (E:\\ems\\node_modules\\router\\index.js:582:12)\n    at next (E:\\ems\\node_modules\\router\\index.js:291:5)","statusCode":500,"timestamp":"2026-03-03T07:32:05.117Z"}
{"level":"info","message":"::1 - - [03/Mar/2026:07:32:05 +0000] \"GET /api/budgets/budgetDashboard HTTP/1.1\" 500 88 \"-\" \"PostmanRuntime/7.51.1\"","timestamp":"2026-03-03T07:32:05.136Z"}
{"level":"info","message":"Mongo db connected host is localhost","timestamp":"2026-03-03T07:32:24.467Z"}
{"level":"info","message":"Server running on port 3000","timestamp":"2026-03-03T07:32:24.479Z"}
{"level":"info","message":"::1 - - [03/Mar/2026:07:34:45 +0000] \"POST /api/user HTTP/1.1\" 200 708 \"-\" \"PostmanRuntime/7.51.1\"","timestamp":"2026-03-03T07:34:45.694Z"}
{"level":"error","message":"Invalid $addFields :: caused by :: Unrecognized expression '$lastDayOfMonth'","method":"GET","path":"/api/budgets/budgetDashboard","stack":"MongoServerError: Invalid $addFields :: caused by :: Unrecognized expression '$lastDayOfMonth'\n    at Connection.sendCommand (E:\\ems\\node_modules\\mongodb\\lib\\cmap\\connection.js:306:27)\n    at process.processTicksAndRejections (node:internal/process/task_queues:95:5)\n    at async Connection.command (E:\\ems\\node_modules\\mongodb\\lib\\cmap\\connection.js:334:26)\n    at async Server.command (E:\\ems\\node_modules\\mongodb\\lib\\sdam\\server.js:194:29)\n    at async tryOperation (E:\\ems\\node_modules\\mongodb\\lib\\operations\\execute_operation.js:213:32)\n    at async executeOperation (E:\\ems\\node_modules\\mongodb\\lib\\operations\\execute_operation.js:78:16)\n    at async AggregationCursor._initialize (E:\\ems\\node_modules\\mongodb\\lib\\cursor\\aggregation_cursor.js:57:26)\n    at async AggregationCursor.cursorInit (E:\\ems\\node_modules\\mongodb\\lib\\cursor\\abstract_cursor.js:632:27)\n    at async AggregationCursor.fetchBatch (E:\\ems\\node_modules\\mongodb\\lib\\cursor\\abstract_cursor.js:666:13)\n    at async AggregationCursor.next (E:\\ems\\node_modules\\mongodb\\lib\\cursor\\abstract_cursor.js:342:17)","statusCode":500,"timestamp":"2026-03-03T07:35:19.287Z"}
{"level":"info","message":"::1 - - [03/Mar/2026:07:35:19 +0000] \"GET /api/budgets/budgetDashboard HTTP/1.1\" 500 107 \"-\" \"PostmanRuntime/7.51.1\"","timestamp":"2026-03-03T07:35:19.297Z"}
{"level":"info","message":"Mongo db connected host is localhost","timestamp":"2026-03-03T07:42:10.519Z"}
{"level":"info","message":"Server running on port 3000","timestamp":"2026-03-03T07:42:10.526Z"}
{"level":"info","message":"::1 - - [03/Mar/2026:07:42:30 +0000] \"GET /api/budgets/budgetDashboard HTTP/1.1\" 200 248 \"-\" \"PostmanRuntime/7.51.1\"","timestamp":"2026-03-03T07:42:30.562Z"}
{"level":"info","message":"Mongo db connected host is localhost","timestamp":"2026-03-03T07:45:00.034Z"}
{"level":"info","message":"Server running on port 3000","timestamp":"2026-03-03T07:45:00.053Z"}
{"level":"info","message":"Mongo db connected host is localhost","timestamp":"2026-03-03T08:50:01.064Z"}
{"level":"info","message":"Server running on port 3000","timestamp":"2026-03-03T08:50:01.074Z"}
{"level":"info","message":"Mongo db connected host is localhost","timestamp":"2026-03-03T08:53:58.995Z"}
{"level":"info","message":"Server running on port 3000","timestamp":"2026-03-03T08:53:59.014Z"}
{"level":"info","message":"Mongo db connected host is localhost","timestamp":"2026-03-03T08:55:28.512Z"}
{"level":"info","message":"Server running on port 3000","timestamp":"2026-03-03T08:55:28.530Z"}
{"level":"info","message":"Mongo db connected host is localhost","timestamp":"2026-03-03T08:58:56.016Z"}
{"level":"info","message":"Server running on port 3000","timestamp":"2026-03-03T08:58:56.051Z"}
{"level":"info","message":"::1 - - [03/Mar/2026:08:59:29 +0000] \"GET /api/orgs/orgDashboard HTTP/1.1\" 401 54 \"-\" \"PostmanRuntime/7.51.1\"","timestamp":"2026-03-03T08:59:29.091Z"}
{"level":"info","message":"::1 - - [03/Mar/2026:08:59:49 +0000] \"POST /api/user HTTP/1.1\" 200 708 \"-\" \"PostmanRuntime/7.51.1\"","timestamp":"2026-03-03T08:59:49.448Z"}
{"level":"error","message":"filters is not defined","method":"GET","path":"/api/orgs/orgDashboard","stack":"ReferenceError: filters is not defined\n    at OrgsRepository.getOrgDashboard (E:\\ems\\src\\repositories\\orgs.repository.js:39:5)\n    at OrgsServices.getOrgDashboard (E:\\ems\\src\\services\\orgs.services.js:48:37)\n    at E:\\ems\\src\\controllers\\orgs.controller.js:61:41\n    at E:\\ems\\src\\utils\\asyncHandler.js:10:25\n    at Layer.handleRequest (E:\\ems\\node_modules\\router\\lib\\layer.js:152:17)\n    at next (E:\\ems\\node_modules\\router\\lib\\route.js:157:13)\n    at protect (E:\\ems\\src\\middleware\\auth.middleware.js:45:9)\n    at process.processTicksAndRejections (node:internal/process/task_queues:95:5)","statusCode":500,"timestamp":"2026-03-03T09:00:19.774Z"}
{"level":"info","message":"::1 - - [03/Mar/2026:09:00:19 +0000] \"GET /api/orgs/orgDashboard HTTP/1.1\" 500 53 \"-\" \"PostmanRuntime/7.51.1\"","timestamp":"2026-03-03T09:00:19.780Z"}
{"level":"info","message":"Mongo db connected host is localhost","timestamp":"2026-03-03T09:05:21.704Z"}
{"level":"info","message":"Server running on port 3000","timestamp":"2026-03-03T09:05:21.712Z"}
{"level":"info","message":"::1 - - [03/Mar/2026:09:05:27 +0000] \"GET /api/orgs/orgDashboard HTTP/1.1\" 200 565 \"-\" \"PostmanRuntime/7.51.1\"","timestamp":"2026-03-03T09:05:27.492Z"}
{"level":"info","message":"::1 - - [03/Mar/2026:09:06:06 +0000] \"GET /api/orgs/orgDashboard?month=3&year=2025 HTTP/1.1\" 200 565 \"-\" \"PostmanRuntime/7.51.1\"","timestamp":"2026-03-03T09:06:06.737Z"}
{"level":"info","message":"::1 - - [03/Mar/2026:09:08:04 +0000] \"GET /api/orgs/orgDashboard?startDate=2026-01-01&endDate=2026-02-28 HTTP/1.1\" 200 565 \"-\" \"PostmanRuntime/7.51.1\"","timestamp":"2026-03-03T09:08:04.592Z"}
{"level":"info","message":"Mongo db connected host is localhost","timestamp":"2026-03-03T09:16:44.367Z"}
{"level":"info","message":"Server running on port 3000","timestamp":"2026-03-03T09:16:44.382Z"}
{"level":"info","message":"Mongo db connected host is localhost","timestamp":"2026-03-03T09:21:54.206Z"}
{"level":"info","message":"Server running on port 3000","timestamp":"2026-03-03T09:21:54.210Z"}
{"level":"info","message":"::1 - - [03/Mar/2026:09:22:07 +0000] \"GET /api/orgs/orgDashboard?startDate=2026-01-01&endDate=2026-02-28 HTTP/1.1\" 200 565 \"-\" \"PostmanRuntime/7.51.1\"","timestamp":"2026-03-03T09:22:07.452Z"}
{"level":"info","message":"::1 - - [03/Mar/2026:09:22:48 +0000] \"GET /api/orgs/orgDashboard?month=1&year=2024 HTTP/1.1\" 200 142 \"-\" \"PostmanRuntime/7.51.1\"","timestamp":"2026-03-03T09:22:48.491Z"}
{"level":"info","message":"::1 - - [03/Mar/2026:09:22:59 +0000] \"GET /api/orgs/orgDashboard?month=1&year=2025 HTTP/1.1\" 200 142 \"-\" \"PostmanRuntime/7.51.1\"","timestamp":"2026-03-03T09:22:59.651Z"}
{"level":"info","message":"::1 - - [03/Mar/2026:09:23:05 +0000] \"GET /api/orgs/orgDashboard?month=1&year=2026 HTTP/1.1\" 200 142 \"-\" \"PostmanRuntime/7.51.1\"","timestamp":"2026-03-03T09:23:05.851Z"}
{"level":"info","message":"::1 - - [03/Mar/2026:09:23:11 +0000] \"GET /api/orgs/orgDashboard?month=2&year=2026 HTTP/1.1\" 200 142 \"-\" \"PostmanRuntime/7.51.1\"","timestamp":"2026-03-03T09:23:11.588Z"}
{"level":"info","message":"::1 - - [03/Mar/2026:09:23:19 +0000] \"GET /api/orgs/orgDashboard?month=3&year=2026 HTTP/1.1\" 200 142 \"-\" \"PostmanRuntime/7.51.1\"","timestamp":"2026-03-03T09:23:19.369Z"}
{"level":"info","message":"Mongo db connected host is localhost","timestamp":"2026-03-03T09:23:25.254Z"}
{"level":"info","message":"Server running on port 3000","timestamp":"2026-03-03T09:23:25.258Z"}
{"level":"info","message":"::1 - - [03/Mar/2026:09:23:28 +0000] \"GET /api/orgs/orgDashboard?month=3&year=2026 HTTP/1.1\" 200 142 \"-\" \"PostmanRuntime/7.51.1\"","timestamp":"2026-03-03T09:23:28.469Z"}
{"level":"info","message":"Mongo db connected host is localhost","timestamp":"2026-03-03T09:24:48.872Z"}
{"level":"info","message":"Server running on port 3000","timestamp":"2026-03-03T09:24:48.876Z"}
{"level":"info","message":"::1 - - [03/Mar/2026:09:24:51 +0000] \"GET /api/orgs/orgDashboard?month=3&year=2026 HTTP/1.1\" 200 142 \"-\" \"PostmanRuntime/7.51.1\"","timestamp":"2026-03-03T09:24:51.166Z"}
{"level":"info","message":"Mongo db connected host is localhost","timestamp":"2026-03-03T09:27:33.272Z"}
{"level":"info","message":"Server running on port 3000","timestamp":"2026-03-03T09:27:33.276Z"}
{"level":"info","message":"::1 - - [03/Mar/2026:09:27:36 +0000] \"GET /api/orgs/orgDashboard?month=3&year=2026 HTTP/1.1\" 200 142 \"-\" \"PostmanRuntime/7.51.1\"","timestamp":"2026-03-03T09:27:36.938Z"}
{"level":"info","message":"::1 - - [03/Mar/2026:09:27:42 +0000] \"GET /api/orgs/orgDashboard?month=2&year=2026 HTTP/1.1\" 200 565 \"-\" \"PostmanRuntime/7.51.1\"","timestamp":"2026-03-03T09:27:42.630Z"}
{"level":"info","message":"::1 - - [03/Mar/2026:09:29:43 +0000] \"GET /api/orgs/orgDashboard?month=2&year=2026&startDate=2026-01-01&endDate=2026-03-31 HTTP/1.1\" 200 565 \"-\" \"PostmanRuntime/7.51.1\"","timestamp":"2026-03-03T09:29:43.040Z"}
{"level":"info","message":"::1 - - [03/Mar/2026:09:30:10 +0000] \"GET /api/orgs/orgDashboard?startDate=2026-01-01&endDate=2026-03-31 HTTP/1.1\" 200 565 \"-\" \"PostmanRuntime/7.51.1\"","timestamp":"2026-03-03T09:30:10.724Z"}
{"level":"info","message":"::1 - - [03/Mar/2026:09:30:29 +0000] \"GET /api/orgs/orgDashboard?startDate=2025-01-01&endDate=2025-03-31 HTTP/1.1\" 200 142 \"-\" \"PostmanRuntime/7.51.1\"","timestamp":"2026-03-03T09:30:29.815Z"}
{"level":"info","message":"::1 - - [03/Mar/2026:09:30:50 +0000] \"GET /api/orgs/orgDashboard?startDate=2026-01-01&endDate=2026-03-31 HTTP/1.1\" 200 565 \"-\" \"PostmanRuntime/7.51.1\"","timestamp":"2026-03-03T09:30:50.711Z"}
{"level":"info","message":"::1 - - [03/Mar/2026:09:32:18 +0000] \"GET /api/orgs/orgDashboard?userId=69a6669911a9f66af0ddde94 HTTP/1.1\" 200 410 \"-\" \"PostmanRuntime/7.51.1\"","timestamp":"2026-03-03T09:32:18.142Z"}
{"level":"info","message":"::1 - - [03/Mar/2026:09:33:31 +0000] \"GET /api/orgs/orgDashboard?categoryId=69a5bfb6660c224d47a91f3c HTTP/1.1\" 200 142 \"-\" \"PostmanRuntime/7.51.1\"","timestamp":"2026-03-03T09:33:31.858Z"}
{"level":"info","message":"::1 - - [03/Mar/2026:09:34:08 +0000] \"GET /api/orgs/orgDashboard?categoryId=69a5bfb6660c224d47a91f42 HTTP/1.1\" 200 142 \"-\" \"PostmanRuntime/7.51.1\"","timestamp":"2026-03-03T09:34:08.487Z"}
{"level":"info","message":"::1 - - [03/Mar/2026:09:34:56 +0000] \"GET /api/orgs/orgDashboard HTTP/1.1\" 200 565 \"-\" \"PostmanRuntime/7.51.1\"","timestamp":"2026-03-03T09:34:56.997Z"}
{"level":"info","message":"::1 - - [03/Mar/2026:09:35:49 +0000] \"GET /api/orgs/orgDashboard?categoryId=69a5bfb6660c224d47a91f45 HTTP/1.1\" 200 142 \"-\" \"PostmanRuntime/7.51.1\"","timestamp":"2026-03-03T09:35:49.013Z"}
{"level":"info","message":"::1 - - [03/Mar/2026:09:35:55 +0000] \"GET /api/orgs/orgDashboard?userId=69a6669911a9f66af0ddde94&categoryId=69a5bfb6660c224d47a91f45 HTTP/1.1\" 200 142 \"-\" \"PostmanRuntime/7.51.1\"","timestamp":"2026-03-03T09:35:55.486Z"}
{"level":"info","message":"::1 - - [03/Mar/2026:09:36:00 +0000] \"GET /api/orgs/orgDashboard?userId=69a6669911a9f66af0ddde94 HTTP/1.1\" 200 410 \"-\" \"PostmanRuntime/7.51.1\"","timestamp":"2026-03-03T09:36:00.695Z"}
{"level":"info","message":"::1 - - [03/Mar/2026:09:37:54 +0000] \"GET /api/orgs/orgDashboard?userId=69a6669911a9f66af0ddde94&categoryId=69a5bfb6660c224d47a91f4c HTTP/1.1\" 200 338 \"-\" \"PostmanRuntime/7.51.1\"","timestamp":"2026-03-03T09:37:54.815Z"}
{"level":"info","message":"::1 - - [03/Mar/2026:09:38:02 +0000] \"GET /api/orgs/orgDashboard?categoryId=69a5bfb6660c224d47a91f4c HTTP/1.1\" 200 338 \"-\" \"PostmanRuntime/7.51.1\"","timestamp":"2026-03-03T09:38:02.386Z"}
{"level":"info","message":"::1 - - [03/Mar/2026:09:38:33 +0000] \"GET /api/orgs/orgDashboard?userId=69a6669911a9f66af0ddde94&categoryId=69a5bfb6660c224d47a91f4c HTTP/1.1\" 200 338 \"-\" \"PostmanRuntime/7.51.1\"","timestamp":"2026-03-03T09:38:33.998Z"}
{"level":"info","message":"::1 - - [03/Mar/2026:09:38:48 +0000] \"GET /api/orgs/orgDashboard?startDate=2026-01-01&endDate=2026-03-31 HTTP/1.1\" 200 565 \"-\" \"PostmanRuntime/7.51.1\"","timestamp":"2026-03-03T09:38:48.158Z"}
{"level":"info","message":"::1 - - [03/Mar/2026:09:39:12 +0000] \"GET /api/orgs/orgDashboard?startDate=2026-01-01&endDate=2026-03-31&userId=69a6669911a9f66af0ddde94 HTTP/1.1\" 200 410 \"-\" \"PostmanRuntime/7.51.1\"","timestamp":"2026-03-03T09:39:12.372Z"}
{"level":"info","message":"Mongo db connected host is localhost","timestamp":"2026-03-03T10:00:51.946Z"}
{"level":"info","message":"Server running on port 3000","timestamp":"2026-03-03T10:00:51.950Z"}
{"level":"info","message":"Mongo db connected host is localhost","timestamp":"2026-03-03T10:01:08.979Z"}
{"level":"info","message":"Server running on port 3000","timestamp":"2026-03-03T10:01:08.983Z"}
{"level":"info","message":"Mongo db connected host is localhost","timestamp":"2026-03-03T10:01:17.942Z"}
{"level":"info","message":"Server running on port 3000","timestamp":"2026-03-03T10:01:17.946Z"}
{"level":"info","message":"Mongo db connected host is localhost","timestamp":"2026-03-03T10:27:44.102Z"}
{"level":"info","message":"Server running on port 3000","timestamp":"2026-03-03T10:27:44.105Z"}
{"level":"info","message":"Mongo db connected host is localhost","timestamp":"2026-03-03T10:31:43.440Z"}
{"level":"info","message":"Server running on port 3000","timestamp":"2026-03-03T10:31:43.446Z"}
{"level":"info","message":"Mongo db connected host is localhost","timestamp":"2026-03-03T10:31:56.574Z"}
{"level":"info","message":"Server running on port 3000","timestamp":"2026-03-03T10:31:56.578Z"}
{"level":"info","message":"::1 - - [03/Mar/2026:10:32:56 +0000] \"GET /api/orgs/orgDashboard?name=Lara HTTP/1.1\" 401 54 \"-\" \"PostmanRuntime/7.51.1\"","timestamp":"2026-03-03T10:32:56.719Z"}
{"level":"info","message":"::1 - - [03/Mar/2026:10:33:07 +0000] \"POST /api/user HTTP/1.1\" 200 708 \"-\" \"PostmanRuntime/7.51.1\"","timestamp":"2026-03-03T10:33:07.233Z"}
{"level":"info","message":"::1 - - [03/Mar/2026:10:33:41 +0000] \"GET /api/orgs/orgDashboard?name=Lara HTTP/1.1\" 200 410 \"-\" \"PostmanRuntime/7.51.1\"","timestamp":"2026-03-03T10:33:41.051Z"}
{"level":"info","message":"Mongo db connected host is localhost","timestamp":"2026-03-03T10:34:29.391Z"}
{"level":"info","message":"Server running on port 3000","timestamp":"2026-03-03T10:34:29.395Z"}
{"level":"info","message":"::1 - - [03/Mar/2026:10:34:32 +0000] \"GET /api/orgs/orgDashboard?name=Lara HTTP/1.1\" 200 410 \"-\" \"PostmanRuntime/7.51.1\"","timestamp":"2026-03-03T10:34:32.583Z"}
{"level":"info","message":"Mongo db connected host is localhost","timestamp":"2026-03-03T10:35:01.855Z"}
{"level":"info","message":"Server running on port 3000","timestamp":"2026-03-03T10:35:01.859Z"}
{"level":"info","message":"::1 - - [03/Mar/2026:10:35:07 +0000] \"GET /api/orgs/orgDashboard?name=Lara HTTP/1.1\" 200 410 \"-\" \"PostmanRuntime/7.51.1\"","timestamp":"2026-03-03T10:35:07.244Z"}
{"level":"info","message":"::1 - - [03/Mar/2026:10:36:02 +0000] \"GET /api/orgs/orgDashboard?name=brayne HTTP/1.1\" 200 410 \"-\" \"PostmanRuntime/7.51.1\"","timestamp":"2026-03-03T10:36:02.981Z"}
{"level":"info","message":"Mongo db connected host is localhost","timestamp":"2026-03-03T10:37:38.168Z"}
{"level":"info","message":"Server running on port 3000","timestamp":"2026-03-03T10:37:38.172Z"}
{"level":"info","message":"::1 - - [03/Mar/2026:10:37:41 +0000] \"GET /api/orgs/orgDashboard?name=brayne HTTP/1.1\" 200 410 \"-\" \"PostmanRuntime/7.51.1\"","timestamp":"2026-03-03T10:37:41.871Z"}
{"level":"info","message":"Mongo db connected host is localhost","timestamp":"2026-03-03T10:38:14.939Z"}
{"level":"info","message":"Server running on port 3000","timestamp":"2026-03-03T10:38:14.943Z"}
{"level":"info","message":"::1 - - [03/Mar/2026:10:38:17 +0000] \"GET /api/orgs/orgDashboard?name=brayne HTTP/1.1\" 200 410 \"-\" \"PostmanRuntime/7.51.1\"","timestamp":"2026-03-03T10:38:17.547Z"}
{"level":"info","message":"::1 - - [03/Mar/2026:10:38:32 +0000] \"GET /api/orgs/orgDashboard?name=lara HTTP/1.1\" 200 410 \"-\" \"PostmanRuntime/7.51.1\"","timestamp":"2026-03-03T10:38:32.253Z"}
{"level":"info","message":"::1 - - [03/Mar/2026:10:40:15 +0000] \"GET /api/orgs/orgDashboard?name=lara&phone=03001234567 HTTP/1.1\" 200 410 \"-\" \"PostmanRuntime/7.51.1\"","timestamp":"2026-03-03T10:40:15.663Z"}
{"level":"info","message":"::1 - - [03/Mar/2026:10:40:45 +0000] \"GET /api/orgs/orgDashboard?name=lara&phone=03001234568 HTTP/1.1\" 200 142 \"-\" \"PostmanRuntime/7.51.1\"","timestamp":"2026-03-03T10:40:45.350Z"}
{"level":"info","message":"::1 - - [03/Mar/2026:10:40:58 +0000] \"GET /api/orgs/orgDashboard?name=lara&phone=03001234567 HTTP/1.1\" 200 410 \"-\" \"PostmanRuntime/7.51.1\"","timestamp":"2026-03-03T10:40:58.281Z"}
{"level":"info","message":"::1 - - [03/Mar/2026:10:41:08 +0000] \"GET /api/orgs/orgDashboard?phone=03001234567 HTTP/1.1\" 200 410 \"-\" \"PostmanRuntime/7.51.1\"","timestamp":"2026-03-03T10:41:08.470Z"}
{"level":"info","message":"Mongo db connected host is localhost","timestamp":"2026-03-03T11:22:06.578Z"}
{"level":"info","message":"Server running on port 3000","timestamp":"2026-03-03T11:22:06.591Z"}
{"level":"info","message":"Mongo db connected host is localhost","timestamp":"2026-03-03T11:30:59.026Z"}
{"level":"info","message":"Server running on port 3000","timestamp":"2026-03-03T11:30:59.035Z"}
{"level":"error","message":"FieldPath field names may not start with '$'. Consider using $getField or $setField.","method":"GET","path":"/api/orgs/orgDashboard?phone=03001234567","stack":"MongoServerError: FieldPath field names may not start with '$'. Consider using $getField or $setField.\n    at Connection.sendCommand (E:\\ems\\node_modules\\mongodb\\lib\\cmap\\connection.js:306:27)\n    at process.processTicksAndRejections (node:internal/process/task_queues:95:5)\n    at async Connection.command (E:\\ems\\node_modules\\mongodb\\lib\\cmap\\connection.js:334:26)\n    at async Server.command (E:\\ems\\node_modules\\mongodb\\lib\\sdam\\server.js:194:29)\n    at async tryOperation (E:\\ems\\node_modules\\mongodb\\lib\\operations\\execute_operation.js:213:32)\n    at async executeOperation (E:\\ems\\node_modules\\mongodb\\lib\\operations\\execute_operation.js:78:16)\n    at async AggregationCursor._initialize (E:\\ems\\node_modules\\mongodb\\lib\\cursor\\aggregation_cursor.js:57:26)\n    at async AggregationCursor.cursorInit (E:\\ems\\node_modules\\mongodb\\lib\\cursor\\abstract_cursor.js:632:27)\n    at async AggregationCursor.fetchBatch (E:\\ems\\node_modules\\mongodb\\lib\\cursor\\abstract_cursor.js:666:13)\n    at async AggregationCursor.next (E:\\ems\\node_modules\\mongodb\\lib\\cursor\\abstract_cursor.js:342:17)","statusCode":500,"timestamp":"2026-03-03T11:31:05.023Z"}
{"level":"info","message":"::1 - - [03/Mar/2026:11:31:05 +0000] \"GET /api/orgs/orgDashboard?phone=03001234567 HTTP/1.1\" 500 115 \"-\" \"PostmanRuntime/7.51.1\"","timestamp":"2026-03-03T11:31:05.056Z"}
{"level":"info","message":"Mongo db connected host is localhost","timestamp":"2026-03-03T11:32:43.435Z"}
{"level":"info","message":"Server running on port 3000","timestamp":"2026-03-03T11:32:43.442Z"}
{"level":"info","message":"::1 - - [03/Mar/2026:11:32:50 +0000] \"GET /api/orgs/orgDashboard?phone=03001234567 HTTP/1.1\" 200 410 \"-\" \"PostmanRuntime/7.51.1\"","timestamp":"2026-03-03T11:32:50.154Z"}
{"level":"info","message":"::1 - - [03/Mar/2026:11:33:03 +0000] \"GET /api/orgs/orgDashboard?phone=03001234566 HTTP/1.1\" 200 142 \"-\" \"PostmanRuntime/7.51.1\"","timestamp":"2026-03-03T11:33:03.762Z"}
{"level":"info","message":"::1 - - [03/Mar/2026:11:33:13 +0000] \"GET /api/orgs/orgDashboard?name=lara&phone=03001234567 HTTP/1.1\" 401 54 \"-\" \"PostmanRuntime/7.51.1\"","timestamp":"2026-03-03T11:33:13.450Z"}
{"level":"info","message":"::1 - - [03/Mar/2026:11:33:23 +0000] \"POST /api/user HTTP/1.1\" 200 708 \"-\" \"PostmanRuntime/7.51.1\"","timestamp":"2026-03-03T11:33:23.733Z"}
{"level":"info","message":"::1 - - [03/Mar/2026:11:33:48 +0000] \"GET /api/orgs/orgDashboard?name=lara&phone=03001234567 HTTP/1.1\" 200 410 \"-\" \"PostmanRuntime/7.51.1\"","timestamp":"2026-03-03T11:33:48.396Z"}
{"level":"info","message":"Mongo db connected host is ac-jwhfra1-shard-00-02.qvgcdm6.mongodb.net","timestamp":"2026-03-03T15:37:00.191Z"}
{"level":"info","message":"Server running on port 3000","timestamp":"2026-03-03T15:37:00.210Z"}
{"level":"info","message":"::1 - - [03/Mar/2026:15:43:05 +0000] \"GET / HTTP/1.1\" 404 139 \"-\" \"Mozilla/5.0 (Windows NT 10.0; Win64; x64) AppleWebKit/537.36 (KHTML, like Gecko) Chrome/145.0.0.0 Safari/537.36\"","timestamp":"2026-03-03T15:43:05.464Z"}
{"level":"info","message":"::1 - - [03/Mar/2026:15:43:06 +0000] \"GET / HTTP/1.1\" 404 139 \"-\" \"Mozilla/5.0 (Windows NT 10.0; Win64; x64) AppleWebKit/537.36 (KHTML, like Gecko) Chrome/145.0.0.0 Safari/537.36\"","timestamp":"2026-03-03T15:43:06.660Z"}
{"level":"error","message":"Invalid credentials","method":"POST","path":"/api/user","stack":"Error: Invalid credentials\n    at UserServices.loginUser (E:\\ems\\src\\services\\user.services.js:35:19)\n    at process.processTicksAndRejections (node:internal/process/task_queues:95:5)\n    at async E:\\ems\\src\\controllers\\user.controller.js:37:22","statusCode":401,"timestamp":"2026-03-03T15:43:58.919Z"}
{"level":"info","message":"::1 - - [03/Mar/2026:15:43:58 +0000] \"POST /api/user HTTP/1.1\" 401 50 \"-\" \"PostmanRuntime/7.51.1\"","timestamp":"2026-03-03T15:43:58.930Z"}
{"level":"info","message":"Mongo db connected host is ac-jwhfra1-shard-00-01.qvgcdm6.mongodb.net","timestamp":"2026-03-03T15:45:51.311Z"}
{"level":"info","message":"Server running on port 3000","timestamp":"2026-03-03T15:45:51.322Z"}
{"level":"error","message":"Invalid credentials","method":"POST","path":"/api/user","stack":"Error: Invalid credentials\n    at UserServices.loginUser (E:\\ems\\src\\services\\user.services.js:35:19)\n    at process.processTicksAndRejections (node:internal/process/task_queues:95:5)\n    at async E:\\ems\\src\\controllers\\user.controller.js:37:22","statusCode":401,"timestamp":"2026-03-03T15:46:09.008Z"}
{"level":"info","message":"::1 - - [03/Mar/2026:15:46:09 +0000] \"POST /api/user HTTP/1.1\" 401 50 \"-\" \"PostmanRuntime/7.51.1\"","timestamp":"2026-03-03T15:46:09.026Z"}
{"level":"error","message":"Invalid credentials","method":"POST","path":"/api/user","stack":"Error: Invalid credentials\n    at UserServices.loginUser (E:\\ems\\src\\services\\user.services.js:35:19)\n    at process.processTicksAndRejections (node:internal/process/task_queues:95:5)\n    at async E:\\ems\\src\\controllers\\user.controller.js:37:22","statusCode":401,"timestamp":"2026-03-03T15:46:24.768Z"}
{"level":"info","message":"::1 - - [03/Mar/2026:15:46:24 +0000] \"POST /api/user HTTP/1.1\" 401 50 \"-\" \"PostmanRuntime/7.51.1\"","timestamp":"2026-03-03T15:46:24.772Z"}
{"level":"info","message":"::1 - - [03/Mar/2026:15:55:23 +0000] \"POST /api/users HTTP/1.1\" 200 699 \"-\" \"PostmanRuntime/7.51.1\"","timestamp":"2026-03-03T15:55:23.629Z"}
{"level":"error","message":"User validation failed: role: `CEO` is not a valid enum value for path `role`.","method":"POST","path":"/api/users","stack":"ValidationError: User validation failed: role: `CEO` is not a valid enum value for path `role`.\n    at Document.invalidate (E:\\ems\\node_modules\\mongoose\\lib\\document.js:3381:32)\n    at E:\\ems\\node_modules\\mongoose\\lib\\document.js:3142:17\n    at E:\\ems\\node_modules\\mongoose\\lib\\schemaType.js:1446:9\n    at process.processTicksAndRejections (node:internal/process/task_queues:77:11)","statusCode":500,"timestamp":"2026-03-03T16:03:36.703Z"}
{"level":"info","message":"::1 - - [03/Mar/2026:16:03:36 +0000] \"POST /api/users HTTP/1.1\" 500 109 \"-\" \"PostmanRuntime/7.51.1\"","timestamp":"2026-03-03T16:03:36.709Z"}
{"level":"error","message":"User validation failed: role: `CEO` is not a valid enum value for path `role`.","method":"POST","path":"/api/users","stack":"ValidationError: User validation failed: role: `CEO` is not a valid enum value for path `role`.\n    at Document.invalidate (E:\\ems\\node_modules\\mongoose\\lib\\document.js:3381:32)\n    at E:\\ems\\node_modules\\mongoose\\lib\\document.js:3142:17\n    at E:\\ems\\node_modules\\mongoose\\lib\\schemaType.js:1446:9\n    at process.processTicksAndRejections (node:internal/process/task_queues:77:11)","statusCode":500,"timestamp":"2026-03-03T16:04:07.828Z"}
{"level":"info","message":"::1 - - [03/Mar/2026:16:04:07 +0000] \"POST /api/users HTTP/1.1\" 500 109 \"-\" \"PostmanRuntime/7.51.1\"","timestamp":"2026-03-03T16:04:07.831Z"}
{"level":"info","message":"Mongo db connected host is ac-jwhfra1-shard-00-02.qvgcdm6.mongodb.net","timestamp":"2026-03-03T16:05:04.325Z"}
{"level":"info","message":"Server running on port 3000","timestamp":"2026-03-03T16:05:04.337Z"}
{"level":"info","message":"::1 - - [03/Mar/2026:16:16:20 +0000] \"POST /api/users HTTP/1.1\" 200 714 \"-\" \"PostmanRuntime/7.51.1\"","timestamp":"2026-03-03T16:16:20.948Z"}
{"level":"error","message":"User validation failed: role: `Captain` is not a valid enum value for path `role`.","method":"POST","path":"/api/users","stack":"ValidationError: User validation failed: role: `Captain` is not a valid enum value for path `role`.\n    at Document.invalidate (E:\\ems\\node_modules\\mongoose\\lib\\document.js:3381:32)\n    at E:\\ems\\node_modules\\mongoose\\lib\\document.js:3142:17\n    at E:\\ems\\node_modules\\mongoose\\lib\\schemaType.js:1446:9\n    at process.processTicksAndRejections (node:internal/process/task_queues:77:11)","statusCode":500,"timestamp":"2026-03-03T16:17:09.848Z"}
{"level":"info","message":"::1 - - [03/Mar/2026:16:17:09 +0000] \"POST /api/users HTTP/1.1\" 500 113 \"-\" \"PostmanRuntime/7.51.1\"","timestamp":"2026-03-03T16:17:09.856Z"}
{"level":"info","message":"Mongo db connected host is ac-jwhfra1-shard-00-01.qvgcdm6.mongodb.net","timestamp":"2026-03-03T16:19:50.174Z"}
{"level":"info","message":"Server running on port 3000","timestamp":"2026-03-03T16:19:50.194Z"}
{"level":"error","message":"Mongo db connection error: Could not connect to any servers in your MongoDB Atlas cluster. One common reason is that you're trying to access the database from an IP that isn't whitelisted. Make sure your current IP address is on your Atlas cluster's IP whitelist: https://www.mongodb.com/docs/atlas/security-whitelist/","timestamp":"2026-03-04T05:43:39.602Z"}
{"level":"info","message":"Mongo db connected host is ac-jwhfra1-shard-00-00.qvgcdm6.mongodb.net","timestamp":"2026-03-04T06:01:05.233Z"}
{"level":"info","message":"Server running on port 3000","timestamp":"2026-03-04T06:01:05.237Z"}
{"level":"info","message":"Mongo db connected host is ac-jwhfra1-shard-00-00.qvgcdm6.mongodb.net","timestamp":"2026-03-04T06:30:39.291Z"}
{"level":"info","message":"Server running on port 3000","timestamp":"2026-03-04T06:30:39.296Z"}
{"level":"info","message":"Mongo db connected host is ac-jwhfra1-shard-00-02.qvgcdm6.mongodb.net","timestamp":"2026-03-04T06:33:03.035Z"}
{"level":"info","message":"Server running on port 3000","timestamp":"2026-03-04T06:33:03.039Z"}
{"level":"info","message":"Mongo db connected host is ac-jwhfra1-shard-00-00.qvgcdm6.mongodb.net","timestamp":"2026-03-04T06:35:04.310Z"}
{"level":"info","message":"Server running on port 3000","timestamp":"2026-03-04T06:35:04.313Z"}
{"level":"info","message":"Mongo db connected host is ac-jwhfra1-shard-00-02.qvgcdm6.mongodb.net","timestamp":"2026-03-04T06:38:26.205Z"}
{"level":"info","message":"Server running on port 3000","timestamp":"2026-03-04T06:38:26.209Z"}
{"level":"info","message":"Mongo db connected host is ac-jwhfra1-shard-00-00.qvgcdm6.mongodb.net","timestamp":"2026-03-04T06:39:46.078Z"}
{"level":"info","message":"Server running on port 3000","timestamp":"2026-03-04T06:39:46.082Z"}
{"level":"info","message":"Mongo db connected host is ac-jwhfra1-shard-00-01.qvgcdm6.mongodb.net","timestamp":"2026-03-04T06:43:05.154Z"}
{"level":"info","message":"Server running on port 3000","timestamp":"2026-03-04T06:43:05.158Z"}
{"level":"info","message":"Mongo db connected host is ac-jwhfra1-shard-00-00.qvgcdm6.mongodb.net","timestamp":"2026-03-04T06:44:32.904Z"}
{"level":"info","message":"Server running on port 3000","timestamp":"2026-03-04T06:44:32.907Z"}
{"level":"info","message":"Mongo db connected host is ac-jwhfra1-shard-00-02.qvgcdm6.mongodb.net","timestamp":"2026-03-04T06:44:38.116Z"}
{"level":"info","message":"Server running on port 3000","timestamp":"2026-03-04T06:44:38.120Z"}
{"level":"info","message":"Mongo db connected host is ac-jwhfra1-shard-00-02.qvgcdm6.mongodb.net","timestamp":"2026-03-04T06:52:23.910Z"}
{"level":"info","message":"Server running on port 3000","timestamp":"2026-03-04T06:52:23.914Z"}
{"level":"info","message":"Mongo db connected host is ac-jwhfra1-shard-00-01.qvgcdm6.mongodb.net","timestamp":"2026-03-04T06:54:13.347Z"}
{"level":"info","message":"Server running on port 3000","timestamp":"2026-03-04T06:54:13.351Z"}
{"level":"info","message":"Mongo db connected host is ac-jwhfra1-shard-00-01.qvgcdm6.mongodb.net","timestamp":"2026-03-04T07:04:08.150Z"}
{"level":"info","message":"Server running on port 3000","timestamp":"2026-03-04T07:04:08.154Z"}
{"level":"info","message":"Mongo db connected host is ac-jwhfra1-shard-00-00.qvgcdm6.mongodb.net","timestamp":"2026-03-04T07:11:30.971Z"}
{"level":"info","message":"Server running on port 3000","timestamp":"2026-03-04T07:11:30.975Z"}
{"level":"info","message":"Mongo db connected host is ac-jwhfra1-shard-00-01.qvgcdm6.mongodb.net","timestamp":"2026-03-04T07:12:04.522Z"}
{"level":"info","message":"Server running on port 3000","timestamp":"2026-03-04T07:12:04.528Z"}
{"level":"info","message":"Mongo db connected host is ac-jwhfra1-shard-00-02.qvgcdm6.mongodb.net","timestamp":"2026-03-04T07:18:46.794Z"}
{"level":"info","message":"Server running on port 3000","timestamp":"2026-03-04T07:18:46.798Z"}
{"level":"info","message":"Mongo db connected host is ac-jwhfra1-shard-00-01.qvgcdm6.mongodb.net","timestamp":"2026-03-04T07:40:36.813Z"}
{"level":"info","message":"Server running on port 3000","timestamp":"2026-03-04T07:40:36.821Z"}
{"level":"info","message":"Mongo db connected host is ac-jwhfra1-shard-00-01.qvgcdm6.mongodb.net","timestamp":"2026-03-04T07:43:29.453Z"}
{"level":"info","message":"Server running on port 3000","timestamp":"2026-03-04T07:43:29.463Z"}
{"level":"info","message":"Mongo db connected host is ac-jwhfra1-shard-00-02.qvgcdm6.mongodb.net","timestamp":"2026-03-04T07:45:08.021Z"}
{"level":"info","message":"Server running on port 3000","timestamp":"2026-03-04T07:45:08.029Z"}
{"level":"info","message":"Mongo db connected host is ac-jwhfra1-shard-00-00.qvgcdm6.mongodb.net","timestamp":"2026-03-04T07:45:34.575Z"}
{"level":"info","message":"Server running on port 3000","timestamp":"2026-03-04T07:45:34.591Z"}
{"level":"info","message":"Mongo db connected host is ac-jwhfra1-shard-00-01.qvgcdm6.mongodb.net","timestamp":"2026-03-04T07:46:16.572Z"}
{"level":"info","message":"Server running on port 3000","timestamp":"2026-03-04T07:46:16.582Z"}
{"level":"info","message":"Mongo db connected host is ac-jwhfra1-shard-00-00.qvgcdm6.mongodb.net","timestamp":"2026-03-04T07:49:20.517Z"}
{"level":"info","message":"Server running on port 3000","timestamp":"2026-03-04T07:49:20.530Z"}
{"level":"info","message":"Mongo db connected host is ac-jwhfra1-shard-00-01.qvgcdm6.mongodb.net","timestamp":"2026-03-04T07:55:51.404Z"}
{"level":"info","message":"Server running on port 3000","timestamp":"2026-03-04T07:55:51.429Z"}
{"level":"info","message":"Mongo db connected host is ac-jwhfra1-shard-00-02.qvgcdm6.mongodb.net","timestamp":"2026-03-04T08:01:36.310Z"}
{"level":"info","message":"Server running on port 3000","timestamp":"2026-03-04T08:01:36.323Z"}
{"level":"info","message":"Mongo db connected host is ac-jwhfra1-shard-00-00.qvgcdm6.mongodb.net","timestamp":"2026-03-04T08:06:03.071Z"}
{"level":"info","message":"Server running on port 3000","timestamp":"2026-03-04T08:06:03.083Z"}
{"level":"info","message":"Mongo db connected host is ac-jwhfra1-shard-00-00.qvgcdm6.mongodb.net","timestamp":"2026-03-04T08:06:53.683Z"}
{"level":"info","message":"Server running on port 3000","timestamp":"2026-03-04T08:06:53.695Z"}
{"level":"info","message":"Mongo db connected host is ac-jwhfra1-shard-00-00.qvgcdm6.mongodb.net","timestamp":"2026-03-04T08:11:09.933Z"}
{"level":"info","message":"Server running on port 3000","timestamp":"2026-03-04T08:11:09.942Z"}
{"level":"info","message":"Mongo db connected host is ac-jwhfra1-shard-00-00.qvgcdm6.mongodb.net","timestamp":"2026-03-04T08:12:10.546Z"}
{"level":"info","message":"Server running on port 3000","timestamp":"2026-03-04T08:12:10.559Z"}
{"level":"info","message":"::1 - - [04/Mar/2026:08:13:46 +0000] \"POST /api/user HTTP/1.1\" 200 709 \"-\" \"PostmanRuntime/7.51.1\"","timestamp":"2026-03-04T08:13:46.946Z"}
{"level":"info","message":"::1 - - [04/Mar/2026:08:15:09 +0000] \"GET /api/users/me/myDashboard HTTP/1.1\" 200 1189 \"-\" \"PostmanRuntime/7.51.1\"","timestamp":"2026-03-04T08:15:09.395Z"}
{"level":"info","message":"::1 - - [04/Mar/2026:08:15:54 +0000] \"GET /api/users/me/myDashboard HTTP/1.1\" 200 1189 \"-\" \"PostmanRuntime/7.51.1\"","timestamp":"2026-03-04T08:15:54.074Z"}
{"level":"info","message":"::1 - - [04/Mar/2026:08:16:07 +0000] \"GET /api/users/me/myDashboard HTTP/1.1\" 200 1189 \"-\" \"PostmanRuntime/7.51.1\"","timestamp":"2026-03-04T08:16:07.747Z"}
{"level":"info","message":"Mongo db connected host is ac-jwhfra1-shard-00-00.qvgcdm6.mongodb.net","timestamp":"2026-03-04T08:17:22.176Z"}
{"level":"info","message":"Server running on port 3000","timestamp":"2026-03-04T08:17:22.188Z"}
{"level":"info","message":"Mongo db connected host is ac-jwhfra1-shard-00-00.qvgcdm6.mongodb.net","timestamp":"2026-03-04T08:50:44.094Z"}
{"level":"info","message":"Server running on port 3000","timestamp":"2026-03-04T08:50:44.104Z"}
{"level":"info","message":"Mongo db connected host is ac-jwhfra1-shard-00-01.qvgcdm6.mongodb.net","timestamp":"2026-03-04T08:51:13.843Z"}
{"level":"info","message":"Server running on port 3000","timestamp":"2026-03-04T08:51:13.854Z"}
{"level":"info","message":"Mongo db connected host is ac-jwhfra1-shard-00-01.qvgcdm6.mongodb.net","timestamp":"2026-03-04T09:43:01.530Z"}
{"level":"info","message":"Server running on port 3000","timestamp":"2026-03-04T09:43:01.543Z"}
{"level":"info","message":"Mongo db connected host is ac-jwhfra1-shard-00-01.qvgcdm6.mongodb.net","timestamp":"2026-03-04T09:47:34.207Z"}
{"level":"info","message":"Server running on port 3000","timestamp":"2026-03-04T09:47:34.223Z"}
{"level":"info","message":"Mongo db connected host is ac-jwhfra1-shard-00-02.qvgcdm6.mongodb.net","timestamp":"2026-03-04T09:48:08.604Z"}
{"level":"info","message":"Server running on port 3000","timestamp":"2026-03-04T09:48:08.617Z"}
{"level":"info","message":"Mongo db connected host is ac-jwhfra1-shard-00-01.qvgcdm6.mongodb.net","timestamp":"2026-03-04T09:51:27.342Z"}
{"level":"info","message":"Server running on port 3000","timestamp":"2026-03-04T09:51:27.355Z"}
{"level":"info","message":"Mongo db connected host is ac-jwhfra1-shard-00-02.qvgcdm6.mongodb.net","timestamp":"2026-03-04T09:53:29.874Z"}
{"level":"info","message":"Server running on port 3000","timestamp":"2026-03-04T09:53:29.881Z"}
{"level":"info","message":"Mongo db connected host is ac-jwhfra1-shard-00-02.qvgcdm6.mongodb.net","timestamp":"2026-03-04T10:01:22.421Z"}
{"level":"info","message":"Server running on port 3000","timestamp":"2026-03-04T10:01:22.435Z"}
{"level":"info","message":"Mongo db connected host is ac-jwhfra1-shard-00-00.qvgcdm6.mongodb.net","timestamp":"2026-03-04T10:47:57.783Z"}
{"level":"info","message":"Server running on port 3000","timestamp":"2026-03-04T10:47:57.788Z"}
{"level":"info","message":"Mongo db connected host is ac-jwhfra1-shard-00-01.qvgcdm6.mongodb.net","timestamp":"2026-03-04T11:05:57.601Z"}
{"level":"info","message":"Server running on port 3000","timestamp":"2026-03-04T11:05:57.605Z"}
{"level":"info","message":"Mongo db connected host is ac-jwhfra1-shard-00-01.qvgcdm6.mongodb.net","timestamp":"2026-03-04T11:09:21.928Z"}
{"level":"info","message":"Server running on port 3000","timestamp":"2026-03-04T11:09:21.932Z"}
{"level":"info","message":"Mongo db connected host is ac-jwhfra1-shard-00-00.qvgcdm6.mongodb.net","timestamp":"2026-03-04T11:24:17.277Z"}
{"level":"info","message":"Server running on port 3000","timestamp":"2026-03-04T11:24:17.280Z"}
{"level":"info","message":"Mongo db connected host is ac-jwhfra1-shard-00-02.qvgcdm6.mongodb.net","timestamp":"2026-03-04T11:30:57.529Z"}
{"level":"info","message":"Server running on port 3000","timestamp":"2026-03-04T11:30:57.532Z"}
{"level":"info","message":"Mongo db connected host is ac-jwhfra1-shard-00-00.qvgcdm6.mongodb.net","timestamp":"2026-03-04T11:33:13.043Z"}
{"level":"info","message":"Server running on port 3000","timestamp":"2026-03-04T11:33:13.047Z"}
{"level":"info","message":"Mongo db connected host is ac-jwhfra1-shard-00-01.qvgcdm6.mongodb.net","timestamp":"2026-03-04T11:33:52.457Z"}
{"level":"info","message":"Server running on port 3000","timestamp":"2026-03-04T11:33:52.461Z"}
{"level":"info","message":"Mongo db connected host is ac-jwhfra1-shard-00-02.qvgcdm6.mongodb.net","timestamp":"2026-03-04T11:34:17.597Z"}
{"level":"info","message":"Server running on port 3000","timestamp":"2026-03-04T11:34:17.600Z"}
{"level":"info","message":"Mongo db connected host is ac-jwhfra1-shard-00-02.qvgcdm6.mongodb.net","timestamp":"2026-03-04T11:35:03.506Z"}
{"level":"info","message":"Server running on port 3000","timestamp":"2026-03-04T11:35:03.510Z"}
{"level":"info","message":"Mongo db connected host is ac-jwhfra1-shard-00-01.qvgcdm6.mongodb.net","timestamp":"2026-03-04T11:35:28.935Z"}
{"level":"info","message":"Server running on port 3000","timestamp":"2026-03-04T11:35:28.939Z"}
{"level":"info","message":"Mongo db connected host is ac-jwhfra1-shard-00-02.qvgcdm6.mongodb.net","timestamp":"2026-03-04T11:37:56.458Z"}
{"level":"info","message":"Server running on port 3000","timestamp":"2026-03-04T11:37:56.462Z"}
{"level":"info","message":"Mongo db connected host is ac-jwhfra1-shard-00-01.qvgcdm6.mongodb.net","timestamp":"2026-03-04T11:38:00.853Z"}
{"level":"info","message":"Server running on port 3000","timestamp":"2026-03-04T11:38:00.857Z"}
{"level":"info","message":"Mongo db connected host is ac-jwhfra1-shard-00-01.qvgcdm6.mongodb.net","timestamp":"2026-03-04T11:38:40.270Z"}
{"level":"info","message":"Server running on port 3000","timestamp":"2026-03-04T11:38:40.274Z"}
{"level":"info","message":"Mongo db connected host is ac-jwhfra1-shard-00-02.qvgcdm6.mongodb.net","timestamp":"2026-03-04T11:38:50.994Z"}
{"level":"info","message":"Server running on port 3000","timestamp":"2026-03-04T11:38:50.999Z"}
{"level":"info","message":"Mongo db connected host is ac-jwhfra1-shard-00-02.qvgcdm6.mongodb.net","timestamp":"2026-03-04T11:39:19.392Z"}
{"level":"info","message":"Server running on port 3000","timestamp":"2026-03-04T11:39:19.396Z"}
{"level":"info","message":"Mongo db connected host is ac-jwhfra1-shard-00-02.qvgcdm6.mongodb.net","timestamp":"2026-03-04T11:39:29.300Z"}
{"level":"info","message":"Server running on port 3000","timestamp":"2026-03-04T11:39:29.304Z"}
{"level":"info","message":"Mongo db connected host is ac-jwhfra1-shard-00-01.qvgcdm6.mongodb.net","timestamp":"2026-03-04T11:45:39.936Z"}
{"level":"info","message":"Server running on port 3000","timestamp":"2026-03-04T11:45:39.946Z"}
{"level":"info","message":"Mongo db connected host is ac-jwhfra1-shard-00-00.qvgcdm6.mongodb.net","timestamp":"2026-03-04T11:45:47.743Z"}
{"level":"info","message":"Server running on port 3000","timestamp":"2026-03-04T11:45:47.755Z"}
{"level":"error","message":"Mongo db connection error: querySrv ESERVFAIL _mongodb._tcp.cluster0.qvgcdm6.mongodb.net","timestamp":"2026-03-04T11:48:09.572Z"}
{"level":"info","message":"Mongo db connected host is ac-jwhfra1-shard-00-01.qvgcdm6.mongodb.net","timestamp":"2026-03-04T11:48:44.490Z"}
{"level":"info","message":"Server running on port 3000","timestamp":"2026-03-04T11:48:44.501Z"}
{"level":"error","message":"Mongo db connection error: Could not connect to any servers in your MongoDB Atlas cluster. One common reason is that you're trying to access the database from an IP that isn't whitelisted. Make sure your current IP address is on your Atlas cluster's IP whitelist: https://www.mongodb.com/docs/atlas/security-whitelist/","timestamp":"2026-03-04T15:18:07.229Z"}
{"level":"error","message":"Mongo db connection error: Could not connect to any servers in your MongoDB Atlas cluster. One common reason is that you're trying to access the database from an IP that isn't whitelisted. Make sure your current IP address is on your Atlas cluster's IP whitelist: https://www.mongodb.com/docs/atlas/security-whitelist/","timestamp":"2026-03-04T15:47:08.537Z"}
{"level":"info","message":"Mongo db connected host is ac-jwhfra1-shard-00-02.qvgcdm6.mongodb.net","timestamp":"2026-03-05T07:01:52.541Z"}
{"level":"info","message":"Server running on port 3000","timestamp":"2026-03-05T07:01:52.551Z"}
